{"rois": {"sess_3_roi_id": {"0": 761621291, "1": 761621351, "2": 761621269, "3": 761621333, "4": 761621321, "5": 761621301, "6": 761621233, "7": 761621359, "8": 761621415, "9": 761621261, "10": 761621387, "11": 761621271, "12": 761621399, "13": 761621397, "14": 761621393, "15": 761621273, "16": 761621279, "17": 761621283, "18": 761621257, "19": 761621289, "20": 761621229, "21": 761621379, "22": 761621245, "23": 761621389, "24": 761621357, "25": 761621391, "26": 761621363, "27": 761621365, "28": 761621341, "29": 761621367, "30": 761621347, "31": 761621331, "32": 761621325, "33": 761621299, "34": 761621303, "35": 761621241, "36": 761621305, "37": 761621253, "38": 761621247, "39": 761621243, "40": 761621311, "41": 761621313, "42": 761621407, "43": 761621309, "44": 761621285, "45": 761621287, "46": 761621395}, "dff-ordered_roi_index": {"0": 32, "1": 62, "2": 21, "3": 53, "4": 47, "5": 37, "6": 3, "7": 66, "8": 94, "9": 17, "10": 80, "11": 22, "12": 86, "13": 85, "14": 83, "15": 23, "16": 26, "17": 28, "18": 15, "19": 31, "20": 1, "21": 76, "22": 9, "23": 81, "24": 65, "25": 82, "26": 68, "27": 69, "28": 57, "29": 70, "30": 60, "31": 52, "32": 49, "33": 36, "34": 38, "35": 7, "36": 39, "37": 13, "38": 10, "39": 8, "40": 42, "41": 43, "42": 90, "43": 41, "44": 29, "45": 30, "46": 84}}, "bad_rois": {"sess_3_bad_roi_id": {"0": 761621231, "1": 761621293, "2": 761621295, "3": 761621297, "4": 761621315, "5": 761621317, "6": 761621327, "7": 761621335, "8": 761621337, "9": 761621345, "10": 761621353, "11": 761621361, "12": 761621381, "13": 761621401, "14": 761621403, "15": 761621405, "16": 761621411, "17": 761621413, "18": 761621417, "19": 761621419}, "dff_local_bad_roi_idx": {"0": 2, "1": 33, "2": 34, "3": 35, "4": 44, "5": 45, "6": 50, "7": 54, "8": 55, "9": 59, "10": 63, "11": 67, "12": 77, "13": 87, "14": 88, "15": 89, "16": 92, "17": 93, "18": 95, "19": 96}}, "metadata": {"nway_info": {"0": "Union over permutations of listed sessions."}, "minimum_iou": {"0": 0.0}, "sess_ns": {"0": [1, 2, 3]}, "sess_ids": {"0": [760260459, 760659782, 761269197]}, "sess_1_to_sess_3_transformation_matrix": {"0": [[0.9973624348640442, 0.0019821221940219402, 9.267236709594727], [0.0007811063551343977, 0.9990821480751038, -1.353599190711975], [0.0, 0.0, 1.0]]}, "sess_2_to_sess_3_transformation_matrix": {"0": [[0.9906824827194214, 0.00397684657946229, 21.37148666381836], [-0.0015087609644979239, 1.002303123474121, -1.5520464181900024], [0.0, 0.0, 1.0]]}}, "match_perm_examples": {"match_level": {"0": "fewest", "1": "most", "2": "union"}, "sess_order": {"0": [2, 1, 3], "1": [3, 2, 1], "2": NaN}, "dff_local_missing_roi_idx": {"0": [], "1": [], "2": NaN}, "dff_local_extra_roi_idx": {"0": [], "1": [20], "2": NaN}, "sess3_missing_roi_id": {"0": [], "1": [], "2": NaN}, "sess3_extra_roi_id": {"0": [], "1": [761621267], "2": NaN}, "n_total": {"0": 47, "1": 48, "2": 49}}}