{"rois": {"sess_3_roi_id": {"0": 780183223, "1": 780183264, "2": 780183278, "3": 780183302, "4": 780183304, "5": 780183313, "6": 780183328, "7": 780183330, "8": 780183342, "9": 780183359, "10": 780183361, "11": 780183365}, "dff-ordered_roi_index": {"0": 2, "1": 8, "2": 13, "3": 25, "4": 26, "5": 30, "6": 37, "7": 38, "8": 43, "9": 51, "10": 52, "11": 54}}, "bad_rois": {"sess_3_bad_roi_id": {"0": 780183217, "1": 780183231, "2": 780183244, "3": 780183250, "4": 780183256, "5": 780183271, "6": 780183274, "7": 780183282, "8": 780183288, "9": 780183290, "10": 780183292, "11": 780183294, "12": 780183296, "13": 780183298, "14": 780183317, "15": 780183322, "16": 780183324, "17": 780183333, "18": 780183339, "19": 780183344, "20": 780183346, "21": 780183348, "22": 780183352, "23": 780183354, "24": 780183357, "25": 780183363}, "dff_local_bad_roi_idx": {"0": 1, "1": 3, "2": 5, "3": 6, "4": 7, "5": 10, "6": 11, "7": 15, "8": 18, "9": 19, "10": 20, "11": 21, "12": 22, "13": 23, "14": 32, "15": 34, "16": 35, "17": 39, "18": 42, "19": 44, "20": 45, "21": 46, "22": 48, "23": 49, "24": 50, "25": 53}}, "metadata": {"nway_info": {"0": "Union over permutations of listed sessions."}, "minimum_iou": {"0": 0.0}, "sess_ns": {"0": [1, 2, 3]}, "sess_ids": {"0": [777496949, 778374308, 779152062]}, "sess_1_to_sess_3_transformation_matrix": {"0": [[1.0196605920791626, 0.004074431490153074, -10.532064437866211], [0.003162563778460026, 0.9941397905349731, -9.651500701904297], [0.0, 0.0, 1.0]]}, "sess_2_to_sess_3_transformation_matrix": {"0": [[1.0142239332199097, 0.0038298452273011208, -11.818351745605469], [-0.0013467326061800122, 1.0007928609848022, -0.07125502079725266], [0.0, 0.0, 1.0]]}}}