{"rois": {"sess_2_roi_id": {"0": 760770324, "1": 760770326, "2": 760770332, "3": 760770338, "4": 760770340, "5": 760770342, "6": 760770344, "7": 760770346, "8": 760770348, "9": 760770350, "10": 760770356, "11": 760770362, "12": 760770364, "13": 760770366, "14": 760770368, "15": 760770370, "16": 760770374, "17": 760770376, "18": 760770378, "19": 760770380, "20": 760770384, "21": 760770388, "22": 760770392, "23": 760770400, "24": 760770404, "25": 760770406, "26": 760770408, "27": 760770410, "28": 760770412, "29": 760770414, "30": 760770416, "31": 760770418, "32": 760770420, "33": 760770424, "34": 760770428, "35": 760770430, "36": 760770432, "37": 760770438, "38": 760770442, "39": 760770456, "40": 760770458, "41": 760770460, "42": 760770462, "43": 760770466, "44": 760770468, "45": 760770470, "46": 760770472}, "dff-ordered_roi_index": {"0": 0, "1": 1, "2": 4, "3": 7, "4": 8, "5": 9, "6": 10, "7": 11, "8": 12, "9": 13, "10": 16, "11": 19, "12": 20, "13": 21, "14": 22, "15": 23, "16": 25, "17": 26, "18": 27, "19": 28, "20": 30, "21": 32, "22": 34, "23": 38, "24": 40, "25": 41, "26": 42, "27": 43, "28": 44, "29": 45, "30": 46, "31": 47, "32": 48, "33": 50, "34": 52, "35": 53, "36": 54, "37": 57, "38": 59, "39": 66, "40": 67, "41": 68, "42": 69, "43": 71, "44": 72, "45": 73, "46": 74}}, "bad_rois": {"sess_2_bad_roi_id": {"0": 760770360, "1": 760770382, "2": 760770390, "3": 760770426, "4": 760770452, "5": 760770454}, "dff_local_bad_roi_idx": {"0": 18, "1": 29, "2": 33, "3": 51, "4": 64, "5": 65}}, "metadata": {"nway_info": {"0": "Union over permutations of listed sessions."}, "minimum_iou": {"0": 0.0}, "sess_ns": {"0": [1, 2, 3]}, "sess_ids": {"0": [760260459, 760659782, 761269197]}, "sess_1_to_sess_2_transformation_matrix": {"0": [[1.0032198429107666, 0.0005195768899284303, -12.272924423217773], [0.0026400024071335793, 0.9976983070373535, -0.524154782295227], [0.0, 0.0, 1.0]]}, "sess_3_to_sess_2_transformation_matrix": {"0": [[0.9981720447540283, 0.0017038731602951884, -20.41086769104004], [0.0015214114682748914, 0.9983392953872681, 1.248647928237915], [0.0, 0.0, 1.0]]}}, "match_perm_examples": {"match_level": {"0": "fewest", "1": "most", "2": "union"}, "sess_order": {"0": [2, 1, 3], "1": [3, 2, 1], "2": NaN}, "dff_local_missing_roi_idx": {"0": [], "1": [], "2": NaN}, "dff_local_extra_roi_idx": {"0": [], "1": [37], "2": NaN}, "sess2_missing_roi_id": {"0": [], "1": [], "2": NaN}, "sess2_extra_roi_id": {"0": [], "1": [760770398], "2": NaN}, "n_total": {"0": 47, "1": 48, "2": 49}}}