{"rois": {"sess_3_roi_id": {"0": 762876891, "1": 762876785, "2": 762876883, "3": 762876778, "4": 762876845, "5": 762876729, "6": 762876752, "7": 762876905, "8": 762876764, "9": 762876768, "10": 762876875, "11": 762876772, "12": 762876885, "13": 762876887, "14": 762876756, "15": 762876762, "16": 762876758, "17": 762876789, "18": 762876791, "19": 762876787, "20": 762876803, "21": 762876807, "22": 762876907, "23": 762876909, "24": 762876795, "25": 762876825, "26": 762876823, "27": 762876817, "28": 762876819, "29": 762876809, "30": 762876857, "31": 762876841, "32": 762876847, "33": 762876843, "34": 762876849, "35": 762876813, "36": 762876815, "37": 762876833, "38": 762876865, "39": 762876867, "40": 762876869, "41": 762876782, "42": 762876877, "43": 762876879, "44": 762876855, "45": 762876889, "46": 762876780, "47": 762876754, "48": 762876895, "49": 762876901, "50": 762876903, "51": 762876750, "52": 762876899, "53": 762876748, "54": 762876738}, "dff-ordered_roi_index": {"0": 76, "1": 23, "2": 72, "3": 20, "4": 53, "5": 1, "6": 7, "7": 83, "8": 13, "9": 15, "10": 68, "11": 17, "12": 73, "13": 74, "14": 9, "15": 12, "16": 10, "17": 25, "18": 26, "19": 24, "20": 32, "21": 34, "22": 84, "23": 85, "24": 28, "25": 43, "26": 42, "27": 39, "28": 40, "29": 35, "30": 59, "31": 51, "32": 54, "33": 52, "34": 55, "35": 37, "36": 38, "37": 47, "38": 63, "39": 64, "40": 65, "41": 22, "42": 69, "43": 70, "44": 58, "45": 75, "46": 21, "47": 8, "48": 78, "49": 81, "50": 82, "51": 6, "52": 80, "53": 5, "54": 3}}, "bad_rois": {"sess_3_bad_roi_id": {"0": 762876743, "1": 762876799, "2": 762876839, "3": 762876859, "4": 762876881, "5": 762876897, "6": 762876911, "7": 762876913}, "dff_local_bad_roi_idx": {"0": 4, "1": 30, "2": 50, "3": 60, "4": 71, "5": 79, "6": 86, "7": 87}}, "metadata": {"nway_info": {"0": "Union over permutations of listed sessions."}, "minimum_iou": {"0": 0.0}, "sess_ns": {"0": [1, 2, 3]}, "sess_ids": {"0": [761624763, 761944562, 762250376]}, "sess_1_to_sess_3_transformation_matrix": {"0": [[1.000453233718872, 0.0023796632885932922, 0.18307487666606903], [-0.0013492862926796079, 1.0024775266647339, -0.2856322228908539], [0.0, 0.0, 1.0]]}, "sess_2_to_sess_3_transformation_matrix": {"0": [[1.0040409564971924, -0.0007471628487110138, -2.7629902362823486], [-0.0006095321732573211, 1.0006963014602661, -1.7035290002822876], [0.0, 0.0, 1.0]]}}}