{"rois": {"sess_1_roi_id": {"0": 760623906, "1": 760623988, "2": 760624030, "3": 760623854, "4": 760623960, "5": 760623864, "6": 760623860, "7": 760623996, "8": 760624052, "9": 760623882, "10": 760624036, "11": 760624020, "12": 760624018, "13": 760623884, "14": 760623880, "15": 760623886, "16": 760623908, "17": 760623902, "18": 760623876, "19": 760623946, "20": 760623852, "21": 760623998, "22": 760623900, "23": 760624024, "24": 760623994, "25": 760624026, "26": 760624028, "27": 760624002, "28": 760623850, "29": 760624006, "30": 760623984, "31": 760623964, "32": 760623974, "33": 760623950, "34": 760623934, "35": 760623932, "36": 760623936, "37": 760623878, "38": 760623914, "39": 760623862, "40": 760623940, "41": 760623942, "42": 760624046, "43": 760623938, "44": 760623904, "45": 760623918, "46": 760623894}, "dff-ordered_roi_index": {"0": 28, "1": 69, "2": 90, "3": 2, "4": 55, "5": 7, "6": 5, "7": 73, "8": 101, "9": 16, "10": 93, "11": 85, "12": 84, "13": 17, "14": 15, "15": 18, "16": 29, "17": 26, "18": 13, "19": 48, "20": 1, "21": 74, "22": 25, "23": 87, "24": 72, "25": 88, "26": 89, "27": 76, "28": 0, "29": 78, "30": 67, "31": 57, "32": 62, "33": 50, "34": 42, "35": 41, "36": 43, "37": 14, "38": 32, "39": 6, "40": 45, "41": 46, "42": 98, "43": 44, "44": 27, "45": 34, "46": 22}}, "bad_rois": {"sess_1_bad_roi_id": {"0": 760623858, "1": 760623924, "2": 760623926, "3": 760623948, "4": 760623954, "5": 760623956, "6": 760623966, "7": 760623970, "8": 760623976, "9": 760624038, "10": 760624040, "11": 760624042, "12": 760624050, "13": 760624056}, "dff_local_bad_roi_idx": {"0": 4, "1": 37, "2": 38, "3": 49, "4": 52, "5": 53, "6": 58, "7": 60, "8": 63, "9": 94, "10": 95, "11": 96, "12": 100, "13": 103}}, "metadata": {"nway_info": {"0": "Union over permutations of listed sessions."}, "minimum_iou": {"0": 0.0}, "sess_ns": {"0": [1, 2, 3]}, "sess_ids": {"0": [760260459, 760659782, 761269197]}, "sess_2_to_sess_1_transformation_matrix": {"0": [[0.9899269342422485, 0.00259245908819139, 12.97472858428955], [-0.002861924469470978, 1.0034151077270508, 0.1830112189054489], [0.0, 0.0, 1.0]]}, "sess_3_to_sess_1_transformation_matrix": {"0": [[1.0022672414779663, -0.0020116798114031553, -9.194510459899902], [-0.0006943612825125456, 1.000529408454895, 1.4233031272888184], [0.0, 0.0, 1.0]]}}, "match_perm_examples": {"match_level": {"0": "fewest", "1": "most", "2": "union"}, "sess_order": {"0": [2, 1, 3], "1": [3, 2, 1], "2": NaN}, "dff_local_missing_roi_idx": {"0": [], "1": [], "2": NaN}, "dff_local_extra_roi_idx": {"0": [], "1": [91], "2": NaN}, "sess1_missing_roi_id": {"0": [], "1": [], "2": NaN}, "sess1_extra_roi_id": {"0": [], "1": [760624032], "2": NaN}, "n_total": {"0": 47, "1": 48, "2": 49}}}