{"rois": {"sess_3_roi_id": {"0": 759944242, "1": 759944244, "2": 759944252, "3": 759944262, "4": 759944266, "5": 759944268, "6": 759944270, "7": 759944290, "8": 759944294, "9": 759944298, "10": 759944300, "11": 759944304, "12": 759944308, "13": 759944314, "14": 759944316, "15": 759944318, "16": 759944330, "17": 759944344, "18": 759944348, "19": 759944350, "20": 759944354, "21": 759944358, "22": 759944360, "23": 759944362, "24": 759944366, "25": 759944368, "26": 759944374, "27": 759944376, "28": 759944381, "29": 759944385, "30": 759944391, "31": 759944394, "32": 759944396, "33": 759944398, "34": 759944406, "35": 759944408, "36": 759944410, "37": 759944412, "38": 759944414, "39": 759944420, "40": 759944424, "41": 759944426, "42": 759944430, "43": 759944434, "44": 759944436, "45": 759944438, "46": 759944440, "47": 759944442, "48": 759944448, "49": 759944452, "50": 759944454, "51": 759944456, "52": 759944458, "53": 759944464, "54": 759944470, "55": 759944480, "56": 759944482, "57": 759944484, "58": 759944486}, "dff-ordered_roi_index": {"0": 0, "1": 1, "2": 5, "3": 10, "4": 12, "5": 13, "6": 14, "7": 24, "8": 26, "9": 28, "10": 29, "11": 31, "12": 33, "13": 36, "14": 37, "15": 38, "16": 44, "17": 51, "18": 53, "19": 54, "20": 56, "21": 58, "22": 59, "23": 60, "24": 62, "25": 63, "26": 66, "27": 67, "28": 68, "29": 69, "30": 70, "31": 71, "32": 72, "33": 73, "34": 77, "35": 78, "36": 79, "37": 80, "38": 81, "39": 84, "40": 86, "41": 87, "42": 89, "43": 91, "44": 92, "45": 93, "46": 94, "47": 95, "48": 98, "49": 100, "50": 101, "51": 102, "52": 103, "53": 106, "54": 109, "55": 114, "56": 115, "57": 116, "58": 117}}, "bad_rois": {"sess_3_bad_roi_id": {"0": 759944250, "1": 759944256, "2": 759944258, "3": 759944280, "4": 759944320, "5": 759944352, "6": 759944400, "7": 759944402, "8": 759944422, "9": 759944428, "10": 759944432, "11": 759944446, "12": 759944474, "13": 759944476}, "dff_local_bad_roi_idx": {"0": 4, "1": 7, "2": 8, "3": 19, "4": 39, "5": 55, "6": 74, "7": 75, "8": 85, "9": 88, "10": 90, "11": 97, "12": 111, "13": 112}}, "metadata": {"nway_info": {"0": "Union over permutations of listed sessions."}, "minimum_iou": {"0": 0.0}, "sess_ns": {"0": [1, 2, 3]}, "sess_ids": {"0": [758519303, 759189643, 759660390]}, "sess_1_to_sess_3_transformation_matrix": {"0": [[1.0006109476089478, -0.001539373304694891, 1.418161392211914], [0.001773993717506528, 1.0049809217453003, 7.143138885498047], [0.0, 0.0, 1.0]]}, "sess_2_to_sess_3_transformation_matrix": {"0": [[0.9992268681526184, 0.0006295829662121832, 0.5161179304122925], [-0.0013024412328377366, 1.0027058124542236, 3.9239187240600586], [0.0, 0.0, 1.0]]}}}