{"rois": {"sess_3_roi_id": {"0": 30000, "1": 30008, "2": 30009, "3": 30003, "4": 30004, "5": 30010, "6": 30006, "7": 30002, "8": 30023, "9": 30024, "10": 30007, "11": 30019, "12": 30018, "13": 30032, "14": 30045, "15": 30048, "16": 30049, "17": 30061, "18": 30060, "19": 30052, "20": 30050, "21": 30055, "22": 30054, "23": 30057, "24": 30067, "25": 30095, "26": 30085, "27": 30107, "28": 30093, "29": 30083, "30": 30136, "31": 30150, "32": 30131, "33": 30142, "34": 30148, "35": 30141, "36": 30154, "37": 30027, "38": 30017, "39": 30013, "40": 30015, "41": 30069, "42": 30084, "43": 30155, "44": 30171, "45": 30104, "46": 30177, "47": 30001, "48": 30145, "49": 30014, "50": 30179}, "dff-ordered_roi_index": {"0": 0, "1": 8, "2": 9, "3": 3, "4": 4, "5": 10, "6": 6, "7": 2, "8": 23, "9": 24, "10": 7, "11": 19, "12": 18, "13": 32, "14": 45, "15": 48, "16": 49, "17": 61, "18": 60, "19": 52, "20": 50, "21": 55, "22": 54, "23": 57, "24": 67, "25": 95, "26": 85, "27": 107, "28": 93, "29": 83, "30": 136, "31": 150, "32": 131, "33": 142, "34": 148, "35": 141, "36": 154, "37": 27, "38": 17, "39": 13, "40": 15, "41": 69, "42": 84, "43": 155, "44": 171, "45": 104, "46": 177, "47": 1, "48": 145, "49": 14, "50": 179}}, "bad_rois": {"sess_3_bad_roi_id": {"0": 36, "1": 78, "2": 92, "3": 94, "4": 149, "5": 158, "6": 160, "7": 183, "8": 187, "9": 189}, "dff_local_bad_roi_idx": {"0": 36, "1": 78, "2": 92, "3": 94, "4": 149, "5": 158, "6": 160, "7": 183, "8": 187, "9": 189}}, "metadata": {"nway_info": {"0": "Union over permutations of listed sessions."}, "minimum_iou": {"0": 0.1}, "sess_ns": {"0": [1, 2, 3]}, "sess_ids": {"0": [777914830, 778864809, 779650018]}, "sess_1_to_sess_3_transformation_matrix": {"0": [[0.9962257742881775, -0.002914475044235587, 5.113158226013184], [0.0004089753783773631, 0.9984952807426453, -0.23432070016860962], [0.0, 0.0, 1.0]]}, "sess_2_to_sess_3_transformation_matrix": {"0": [[0.9992635250091553, -0.001638690591789782, 1.8242435455322266], [-0.00041526928544044495, 0.9996085166931152, 2.0627498626708984], [0.0, 0.0, 1.0]]}}}