{"analyspar": {"dend": "extr", "error": "sem", "fluor": "dff", "rem_bad": true, "scale": true, "stats": "mean", "tracked": false}, "basepar": {"baseline": 0}, "diffs_df": {"diff_stats": {"0": [0.024382767949905706, 0.0010142918162456187], "1": [0.02423829008669394, 0.0012514784054064889], "2": [0.04037162509189103, 0.00275317095884843], "3": [0.05050677100451443, 0.0065910653623191765], "4": [0.06684229616674488, 0.008538974324811861], "5": [0.07987503962514696, 0.008536578996841654], "6": [0.00041632115528464093, 0.0007413103824058721], "7": [-0.0061171640594831775, 0.0010222205695486306], "8": [0.005479710966069316, 0.000786223082494746], "9": [0.016823750851548143, 0.00770244634243561], "10": [-0.00015132824093353153, 0.009043481228741683], "11": [0.012169629984295388, 0.008967865916514843]}, "lines": {"0": "L23-Cux2", "1": "L23-Cux2", "2": "L23-Cux2", "3": "L23-Cux2", "4": "L23-Cux2", "5": "L23-Cux2", "6": "L5-Rbp4", "7": "L5-Rbp4", "8": "L5-Rbp4", "9": "L5-Rbp4", "10": "L5-Rbp4", "11": "L5-Rbp4"}, "mouse_ns": {"0": [6, 9], "1": [6, 9], "2": [6, 9], "3": [1, 3, 13], "4": [1, 3, 13], "5": [1, 3, 13], "6": [8, 11, 10], "7": [8, 11, 10], "8": [8, 11, 10], "9": [4, 7, 12], "10": [4, 7, 12], "11": [4, 7, 12]}, "mouseids": {"0": [413663, 433414], "1": [413663, 433414], "2": [413663, 433414], "3": [408021, 411424, 440889], "4": [408021, 411424, 440889], "5": [408021, 411424, 440889], "6": [420011, 433451, 433448], "7": [420011, 433451, 433448], "8": [420011, 433451, 433448], "9": [411771, 418779, 433458], "10": [411771, 418779, 433458], "11": [411771, 418779, 433458]}, "nrois": {"0": [628, 727], "1": [348, 300], "2": [512, 333], "3": [96, 87, 224], "4": [74, 90, 224], "5": [107, 80, 210], "6": [205, 966, 1636], "7": [159, 1029, 445], "8": [182, 986, 496], "9": [90, 15, 99], "10": [70, 26, 87], "11": [79, 29, 97]}, "null_CIs": {"0": [-0.011836029016863842, -3.138609906266989e-05, 0.011670579780284868], "1": [-0.012499285044842497, -1.917365953881404e-05, 0.012190815892053775], "2": [-0.021608855194012868, -1.558940077080714e-05, 0.021956509447580354], "3": [-0.03868549448327316, 2.6459486352984224e-05, 0.03912164070750464], "4": [-0.03883312393433199, -1.714515669103638e-05, 0.0397554299343432], "5": [-0.04769185076672767, 8.718591133505257e-05, 0.04727421149132112], "6": [-0.009208355863946364, 1.5934733741341224e-06, 0.008995944069861673], "7": [-0.012935033392390808, -5.910278152495158e-06, 0.012980588887106022], "8": [-0.008195230040663432, -5.4848465608956695e-06, 0.008462731060183356], "9": [-0.0361737572467896, 3.926753565993488e-05, 0.036399050777485155], "10": [-0.04067199597241337, -4.72143627112172e-05, 0.04059545628234207], "11": [-0.04945996388446472, -2.2057738652651193e-05, 0.048696954639503985]}, "p_vals": {"0": 0.0, "1": 0.0, "2": 0.0, "3": 0.0019200000000023465, "4": 0.0, "5": 0.0, "6": 1.0, "7": 1.0, "8": 1.0, "9": 1.0, "10": 1.0, "11": 1.0}, "p_vals_1v2": {"0": 1.0, "1": 1.0, "2": NaN, "3": 1.0, "4": 1.0, "5": NaN, "6": 0.0, "7": 0.0, "8": NaN, "9": 1.0, "10": 1.0, "11": NaN}, "p_vals_1v3": {"0": 0.0, "1": NaN, "2": 0.0, "3": 0.1324799999999982, "4": NaN, "5": 0.1324799999999982, "6": 0.0, "7": NaN, "8": 0.0, "9": 1.0, "10": NaN, "11": 1.0}, "p_vals_2v3": {"0": NaN, "1": 0.0, "2": NaN, "3": NaN, "4": 1.0, "5": NaN, "6": NaN, "7": 0.0, "8": NaN, "9": NaN, "10": 1.0, "11": NaN}, "planes": {"0": "dend", "1": "dend", "2": "dend", "3": "soma", "4": "soma", "5": "soma", "6": "dend", "7": "dend", "8": "dend", "9": "soma", "10": "soma", "11": "soma"}, "raw_p_vals": {"0": 0.0, "1": 0.0, "2": 0.0, "3": 4.000000000004889e-05, "4": 0.0, "5": 0.0, "6": 0.44601, "7": 0.08758, "8": 0.024630000000000082, "9": 0.08325999999999993, "10": 0.49692000000000003, "11": 0.23385999999999996}, "raw_p_vals_1v2": {"0": 0.46698, "1": 0.46698, "2": NaN, "3": 0.06462000000000004, "4": 0.06462000000000004, "5": NaN, "6": 0.0, "7": 0.0, "8": NaN, "9": 0.0784, "10": 0.0784, "11": NaN}, "raw_p_vals_1v3": {"0": 0.0, "1": NaN, "2": 0.0, "3": 0.0027599999999999626, "4": NaN, "5": 0.0027599999999999626, "6": 0.0, "7": NaN, "8": 0.0, "9": 0.3478899999999999, "10": NaN, "11": 0.3478899999999999}, "raw_p_vals_2v3": {"0": NaN, "1": 0.0, "2": NaN, "3": NaN, "4": 0.1434100000000001, "5": NaN, "6": NaN, "7": 0.0, "8": NaN, "9": NaN, "10": 0.17007999999999995, "11": NaN}, "sess_ns": {"0": 1, "1": 2, "2": 3, "3": 1, "4": 2, "5": 3, "6": 1, "7": 2, "8": 3, "9": 1, "10": 2, "11": 3}, "sessids": {"0": [764704289, 826187862], "1": [765193831, 826773996], "2": [766502238, 827833392], "3": [758519303, 761624763, 832883243], "4": [759189643, 761944562, 833704570], "5": [759660390, 762250376, 834403597], "6": [777914830, 823453391, 826338612], "7": [778864809, 824434038, 826819032], "8": [779650018, 825180479, 828816509], "9": [760260459, 777496949, 826659257], "10": [760659782, 778374308, 827300090], "11": [761269197, 779152062, 828475005]}, "twop_fps": {"0": [30.07813959571523, 30.144500357598133], "1": [30.077900889986196, 30.07552112535785], "2": [30.077216948561407, 30.077182971972437], "3": [30.078378454283577, 30.078851569841987, 30.14568495521582], "4": [30.07765930675408, 30.080475663992054, 30.144666915471394], "5": [30.075519139965518, 30.079967716296547, 30.145392035535384], "6": [30.077333414794325, 30.077185948833936, 30.14486573850595], "7": [30.078045202545628, 30.078135089103647, 30.075521692645736], "8": [30.079339019712318, 30.076711414228807, 30.07463607881175], "9": [30.07838602073336, 30.074722190098097, 30.074089746976814], "10": [30.076467628030922, 30.07614866332268, 30.07527829612049], "11": [30.07552041060695, 30.077928262531405, 30.07367587689206]}}, "extrapar": {"seed": 905, "split": "unexp_lock"}, "permpar": {"multcomp": 24, "n_perms": 100000, "p_val": 0.05, "tails": 2}, "sesspar": {"closest": false, "incl": "all", "line": "all", "min_rois": 1, "mouse_n": "any", "pass_fail": "P", "plane": "all", "runtype": "prod", "sess_n": [1, 2, 3]}, "stimpar": {"gab_ori": "none", "gabfr": "none", "gabk": "none", "post": 2, "pre": 2, "stimtype": "visflow", "visflow_dir": ["right (temp)", "left (nasal)"], "visflow_size": 128}}