{"analyspar": {"dend": "extr", "error": "sem", "fluor": "dff", "rem_bad": true, "scale": false, "stats": "mean", "tracked": false}, "extrapar": {"rel_sess": 1, "seed": 905}, "permpar": {"multcomp": 24, "n_perms": 100000, "p_val": 0.05, "tails": 2}, "rel_resp_df": {"lines": {"0": "L23-Cux2", "1": "L23-Cux2", "2": "L23-Cux2", "3": "L23-Cux2", "4": "L23-Cux2", "5": "L23-Cux2", "6": "L5-Rbp4", "7": "L5-Rbp4", "8": "L5-Rbp4", "9": "L5-Rbp4", "10": "L5-Rbp4", "11": "L5-Rbp4"}, "mouse_ns": {"0": [6, 9], "1": [6, 9], "2": [6, 9], "3": [1, 3, 13], "4": [1, 3, 13], "5": [1, 3, 13], "6": [8, 11, 10], "7": [8, 11, 10], "8": [8, 11, 10], "9": [4, 7, 12], "10": [4, 7, 12], "11": [4, 7, 12]}, "mouseids": {"0": [413663, 433414], "1": [413663, 433414], "2": [413663, 433414], "3": [408021, 411424, 440889], "4": [408021, 411424, 440889], "5": [408021, 411424, 440889], "6": [420011, 433451, 433448], "7": [420011, 433451, 433448], "8": [420011, 433451, 433448], "9": [411771, 418779, 433458], "10": [411771, 418779, 433458], "11": [411771, 418779, 433458]}, "nrois": {"0": [628, 727], "1": [348, 300], "2": [512, 333], "3": [96, 87, 224], "4": [74, 90, 224], "5": [107, 80, 210], "6": [205, 966, 1636], "7": [159, 1029, 445], "8": [182, 986, 496], "9": [90, 15, 99], "10": [70, 26, 87], "11": [79, 29, 97]}, "planes": {"0": "dend", "1": "dend", "2": "dend", "3": "soma", "4": "soma", "5": "soma", "6": "dend", "7": "dend", "8": "dend", "9": "soma", "10": "soma", "11": "soma"}, "rel_exp": {"0": [1.0, 0.016490605361189428], "1": [0.9256366968401585, 0.021025441339090893], "2": [0.924109829244197, 0.02163733419119551], "3": [1.0, 0.09586852043366226], "4": [0.9714751319300413, 0.10111215339504918], "5": [0.8321209825657977, 0.08405402203949981], "6": [1.0, 0.014620070633538578], "7": [0.869893172990141, 0.016361417007209746], "8": [0.8980676059406216, 0.018262508154751902], "9": [1.0, 0.08447581342857861], "10": [0.6911068578886881, 0.05880933482838293], "11": [0.8256741348410438, 0.06885253022733419]}, "rel_exp_p_vals_1v2": {"0": 0.15168, "1": 0.15168, "2": NaN, "3": 1.0, "4": 1.0, "5": NaN, "6": 0.0, "7": 0.0, "8": NaN, "9": 0.07152, "10": 0.07152, "11": NaN}, "rel_exp_p_vals_1v3": {"0": 0.09504, "1": NaN, "2": 0.09504, "3": 1.0, "4": NaN, "5": 1.0, "6": 0.0, "7": NaN, "8": 0.0, "9": 1.0, "10": NaN, "11": 1.0}, "rel_exp_p_vals_2v3": {"0": NaN, "1": 1.0, "2": NaN, "3": NaN, "4": 1.0, "5": NaN, "6": NaN, "7": 1.0, "8": NaN, "9": NaN, "10": 1.0, "11": NaN}, "rel_exp_raw_p_vals_1v2": {"0": 0.00316, "1": 0.00316, "2": NaN, "3": 0.42056, "4": 0.42056, "5": NaN, "6": 0.0, "7": 0.0, "8": NaN, "9": 0.00149, "10": 0.00149, "11": NaN}, "rel_exp_raw_p_vals_1v3": {"0": 0.00198, "1": NaN, "2": 0.00198, "3": 0.09481, "4": NaN, "5": 0.09481, "6": 0.0, "7": NaN, "8": 0.0, "9": 0.055650000000000005, "10": NaN, "11": 0.055650000000000005}, "rel_exp_raw_p_vals_2v3": {"0": NaN, "1": 0.47808, "2": NaN, "3": NaN, "4": 0.14867, "5": NaN, "6": NaN, "7": 0.12571, "8": NaN, "9": NaN, "10": 0.07066999999999993, "11": NaN}, "rel_unexp": {"0": [1.1765589082787338, 0.021149614310455363], "1": [1.1105708545162867, 0.026696700982343013], "2": [1.2798410956816177, 0.03502459307147082], "3": [1.3168323368282133, 0.13172417747969248], "4": [1.283579799851442, 0.12750729761792376], "5": [1.2319919129551127, 0.13771289661285097], "6": [0.9648199477315454, 0.01555469525659738], "7": [0.8266579058614814, 0.01728260525072538], "8": [0.8898735197821235, 0.01911015037966136], "9": [0.9641964990784274, 0.09446033166408682], "10": [0.6325758272047506, 0.05885718251379781], "11": [0.8537579548074493, 0.07957053696577862]}, "rel_unexp_p_vals_1v2": {"0": 1.0, "1": 1.0, "2": NaN, "3": 1.0, "4": 1.0, "5": NaN, "6": 0.0, "7": 0.0, "8": NaN, "9": 0.06720000000000001, "10": 0.06720000000000001, "11": NaN}, "rel_unexp_p_vals_1v3": {"0": 0.18479999999999563, "1": NaN, "2": 0.18479999999999563, "3": 1.0, "4": NaN, "5": 1.0, "6": 0.057120000000000004, "7": NaN, "8": 0.057120000000000004, "9": 1.0, "10": NaN, "11": 1.0}, "rel_unexp_p_vals_2v3": {"0": NaN, "1": 0.002880000000000109, "2": NaN, "3": NaN, "4": 1.0, "5": NaN, "6": NaN, "7": 0.3436799999999971, "8": NaN, "9": NaN, "10": 0.6211199999999986, "11": NaN}, "rel_unexp_raw_p_vals_1v2": {"0": 0.03154, "1": 0.03154, "2": NaN, "3": 0.43128, "4": 0.43128, "5": NaN, "6": 0.0, "7": 0.0, "8": NaN, "9": 0.0014000000000000002, "10": 0.0014000000000000002, "11": NaN}, "rel_unexp_raw_p_vals_1v3": {"0": 0.003849999999999909, "1": NaN, "2": 0.003849999999999909, "3": 0.33097, "4": NaN, "5": 0.33097, "6": 0.00119, "7": NaN, "8": 0.00119, "9": 0.18618, "10": NaN, "11": 0.18618}, "rel_unexp_raw_p_vals_2v3": {"0": NaN, "1": 6.000000000000227e-05, "2": NaN, "3": NaN, "4": 0.39531, "5": NaN, "6": NaN, "7": 0.00715999999999994, "8": NaN, "9": NaN, "10": 0.012939999999999969, "11": NaN}, "sess_ns": {"0": 1, "1": 2, "2": 3, "3": 1, "4": 2, "5": 3, "6": 1, "7": 2, "8": 3, "9": 1, "10": 2, "11": 3}, "sessids": {"0": [764704289, 826187862], "1": [765193831, 826773996], "2": [766502238, 827833392], "3": [758519303, 761624763, 832883243], "4": [759189643, 761944562, 833704570], "5": [759660390, 762250376, 834403597], "6": [777914830, 823453391, 826338612], "7": [778864809, 824434038, 826819032], "8": [779650018, 825180479, 828816509], "9": [760260459, 777496949, 826659257], "10": [760659782, 778374308, 827300090], "11": [761269197, 779152062, 828475005]}, "twop_fps": {"0": [30.07873941279558, 30.145366140617686], "1": [30.0785008642911, 30.07588534608751], "2": [30.077910707737953, 30.077548459271053], "3": [30.078983328254086, 30.07944131878434, 30.1464825439288], "4": [30.078268419466536, 30.081071882218684, 30.145455809449363], "5": [30.076117097066117, 30.080400521971875, 30.146188508189983], "6": [30.07804351704725, 30.07755196550725, 30.145726737715965], "7": [30.0787391265609, 30.078495855224936, 30.075890569375726], "8": [30.07968594989644, 30.077081594670776, 30.075181649653103], "9": [30.078740843969026, 30.075425993793207, 30.074462569813036], "10": [30.077073652096402, 30.076852276633467, 30.07565588465726], "11": [30.076119028981516, 30.078618622247273, 30.074220157768835]}}, "sesspar": {"closest": false, "incl": "all", "line": "all", "min_rois": 1, "mouse_n": "any", "pass_fail": "P", "plane": "all", "runtype": "prod", "sess_n": [1, 2, 3]}, "stimpar": {"gab_ori": "none", "gabfr": "none", "gabk": "none", "post": 1, "pre": 0, "stimtype": "visflow", "visflow_dir": ["right (temp)", "left (nasal)"], "visflow_size": 128}}