{"analyspar": {"dend": "extr", "error": "std", "fluor": "dff", "remnans": true, "scale": true, "stats": "mean", "tracked": false}, "basepar": {"baseline": 0}, "extrapar": {"by_mouse": false, "common_oris": false, "seed": 905}, "idxpar": {"feature": "by_exp", "op": "d-prime", "position": 0}, "perc_sig_df": {"lines": {"0": "L23-Cux2", "1": "L23-Cux2", "2": "L5-Rbp4", "3": "L5-Rbp4"}, "mouse_ns": {"0": [6, 9], "1": [1, 3, 13], "2": [8, 11, 10], "3": [4, 7, 12]}, "mouseids": {"0": [413663, 433414], "1": [408021, 411424, 440889], "2": [420011, 433451, 433448], "3": [411771, 418779, 433458]}, "n_pos": {"0": 530, "1": 189, "2": 1424, "3": 117}, "n_signif_hi": {"0": 83, "1": 71, "2": 196, "3": 64}, "n_signif_lo": {"0": 195, "1": 57, "2": 249, "3": 14}, "nrois": {"0": [628, 727], "1": [96, 87, 224], "2": [205, 966, 1636], "3": [90, 15, 99]}, "perc_pos_idxs": {"0": 39.11439114391143, "1": 46.43734643734644, "2": 50.73031706448165, "3": 57.35294117647059}, "perc_pos_idxs_CIs": {"0": [35.49815498154982, 39.11439114391143, 42.730627306273064], "1": [39.80343980343981, 46.43734643734644, 53.31695331695332], "2": [48.165301033131456, 50.73031706448165, 53.29533309583185], "3": [48.03921568627451, 57.35294117647059, 66.66666666666666]}, "perc_pos_idxs_null_CIs": {"0": [46.27306273062731, 49.96309963099631, 53.7269372693727], "1": [43.24324324324324, 49.877149877149876, 56.75675675675676], "2": [47.41717135732098, 49.98218738867118, 52.58282864267901], "3": [40.68627450980392, 50.0, 59.31372549019608]}, "perc_pos_idxs_p_vals": {"0": 5.4756640340383056e-15, "1": 1.0, "2": 1.0, "3": 0.33641115863041193}, "perc_pos_idxs_raw_p_vals": {"0": 3.422290021273941e-16, "1": 0.08254244211916799, "2": 0.2139686413562576, "3": 0.021025697414400746}, "perc_pos_idxs_stds": {"0": 1.3133456456533565, "1": 2.4768792771149486, "2": 0.938629970683094, "3": 3.4847338008964677}, "perc_sig_hi_idxs": {"0": 6.125461254612547, "1": 17.444717444717444, "2": 6.982543640897755, "3": 31.372549019607842}, "perc_sig_hi_idxs_CIs": {"0": [4.428044280442804, 6.125461254612547, 7.970479704797048], "1": [12.530712530712531, 17.444717444717444, 22.85012285012285], "2": [5.700035625222657, 6.982543640897755, 8.336302101888137], "3": [22.54901960784314, 31.372549019607842, 40.19607843137255]}, "perc_sig_hi_idxs_null_CIs": {"0": [1.4022140221402213, 2.5092250922509227, 3.7638376383763834], "1": [0.7371007371007371, 2.457002457002457, 4.914004914004914], "2": [1.7456359102244388, 2.493765586034913, 3.3487709298183113], "3": [0.0, 2.450980392156863, 5.88235294117647]}, "perc_sig_hi_idxs_p_vals": {"0": 1.929123527588672e-12, "1": 1.7763568394002505e-15, "2": 1.7763568394002505e-15, "3": 1.7763568394002505e-15}, "perc_sig_hi_idxs_raw_p_vals": {"0": 1.20570220474292e-13, "1": 1.1102230246251565e-16, "2": 1.1102230246251565e-16, "3": 1.1102230246251565e-16}, "perc_sig_hi_idxs_stds": {"0": 0.6505161509914041, "1": 1.8947465668946724, "2": 0.4810888741312065, "3": 3.245130915878126}, "perc_sig_lo_idxs": {"0": 14.391143911439114, "1": 14.004914004914005, "2": 8.87068044175276, "3": 6.862745098039216}, "perc_sig_lo_idxs_CIs": {"0": [11.808118081180812, 14.391143911439114, 17.047970479704798], "1": [9.582309582309582, 14.004914004914005, 18.91891891891892], "2": [7.4456715354470955, 8.87068044175276, 10.366939793373708], "3": [2.450980392156863, 6.862745098039216, 12.254901960784313]}, "perc_sig_lo_idxs_null_CIs": {"0": [1.4022140221402213, 2.5092250922509227, 3.7638376383763834], "1": [0.7371007371007371, 2.457002457002457, 4.914004914004914], "2": [1.7456359102244388, 2.493765586034913, 3.3487709298183113], "3": [0.0, 2.450980392156863, 5.88235294117647]}, "perc_sig_lo_idxs_p_vals": {"0": 1.7763568394002505e-15, "1": 1.7763568394002505e-15, "2": 1.7763568394002505e-15, "3": 0.0035159651465530573}, "perc_sig_lo_idxs_raw_p_vals": {"0": 1.1102230246251565e-16, "1": 1.1102230246251565e-16, "2": 1.1102230246251565e-16, "3": 0.00021974782165956608}, "perc_sig_lo_idxs_stds": {"0": 0.9590724105470554, "1": 1.72155716030492, "2": 0.5368677698411911, "3": 1.7598680282168075}, "planes": {"0": "dend", "1": "soma", "2": "dend", "3": "soma"}, "sess_ns": {"0": 1, "1": 1, "2": 1, "3": 1}, "sessids": {"0": [764704289, 826187862], "1": [758519303, 761624763, 832883243], "2": [777914830, 823453391, 826338612], "3": [760260459, 777496949, 826659257]}, "twop_fps": {"0": [30.07813959571523, 30.144500357598133], "1": [30.078378454283577, 30.078851569841987, 30.14568495521582], "2": [30.077333414794325, 30.077185948833936, 30.14486573850595], "3": [30.07838602073336, 30.074722190098097, 30.074089746976814]}}, "permpar": {"multcomp": 8, "n_perms": 10000, "p_val": 0.05, "tails": 2}, "sesspar": {"closest": false, "incl": "all", "line": "all", "min_rois": 1, "mouse_n": "any", "pass_fail": "P", "plane": "all", "runtype": "prod", "sess_n": [1]}, "stimpar": {"gab_ori": [0, 45, 90, 135, 180, 225], "gabfr": 3, "gabk": 16, "post": 0.6, "pre": 0, "stimtype": "gabors", "visflow_dir": "none", "visflow_size": "none"}}