{"analyspar": {"dend": "extr", "error": "std", "fluor": "dff", "remnans": true, "scale": true, "stats": "mean", "tracked": false}, "basepar": {"baseline": 0}, "extrapar": {"by_mouse": false, "common_oris": true, "seed": 905}, "idxpar": {"feature": "by_exp", "op": "d-prime", "position": 0}, "perc_sig_df": {"lines": {"0": "L23-Cux2", "1": "L23-Cux2", "2": "L5-Rbp4", "3": "L5-Rbp4"}, "mouse_ns": {"0": [6, 9], "1": [1, 3, 13], "2": [8, 11, 10], "3": [4, 7, 12]}, "mouseids": {"0": [413663, 433414], "1": [408021, 411424, 440889], "2": [420011, 433451, 433448], "3": [411771, 418779, 433458]}, "n_pos": {"0": 688, "1": 152, "2": 1211, "3": 117}, "n_signif_hi": {"0": 129, "1": 65, "2": 194, "3": 59}, "n_signif_lo": {"0": 112, "1": 98, "2": 305, "3": 18}, "nrois": {"0": [628, 727], "1": [96, 87, 224], "2": [205, 966, 1636], "3": [90, 15, 99]}, "perc_pos_idxs": {"0": 50.77490774907749, "1": 37.34643734643734, "2": 43.14214463840399, "3": 57.35294117647059}, "perc_pos_idxs_CIs": {"0": [47.08487084870849, 50.77490774907749, 54.46494464944649], "1": [30.95823095823096, 37.34643734643734, 43.980343980343974], "2": [40.577128607053794, 43.14214463840399, 45.70716066975419], "3": [48.03921568627451, 57.35294117647059, 66.66666666666666]}, "perc_pos_idxs_null_CIs": {"0": [46.27306273062731, 49.96309963099631, 53.7269372693727], "1": [43.24324324324324, 49.877149877149876, 56.75675675675676], "2": [47.41717135732098, 49.98218738867118, 52.58282864267901], "3": [40.68627450980392, 50.0, 59.31372549019608]}, "perc_pos_idxs_p_vals": {"0": 1.0, "1": 1.7491810669731505e-06, "2": 3.119069290852753e-12, "3": 0.33641115863041193}, "perc_pos_idxs_raw_p_vals": {"0": 0.2750418391687808, "1": 1.093238166858219e-07, "2": 1.9494183067829705e-13, "3": 0.021025697414400746}, "perc_pos_idxs_stds": {"0": 1.3503768900104434, "1": 2.375690594378005, "2": 0.928421219683984, "3": 3.4847338008964677}, "perc_sig_hi_idxs": {"0": 9.52029520295203, "1": 15.970515970515969, "2": 6.911293195582473, "3": 28.921568627450984}, "perc_sig_hi_idxs_CIs": {"0": [7.380073800738007, 9.52029520295203, 11.734317343173432], "1": [11.302211302211303, 15.970515970515969, 21.13022113022113], "2": [5.628785179907374, 6.911293195582473, 8.265051656572854], "3": [20.588235294117645, 28.921568627450984, 37.745098039215684]}, "perc_sig_hi_idxs_null_CIs": {"0": [1.4022140221402213, 2.5092250922509227, 3.7638376383763834], "1": [0.7371007371007371, 2.457002457002457, 4.914004914004914], "2": [1.7456359102244388, 2.493765586034913, 3.3487709298183113], "3": [0.0, 2.450980392156863, 5.88235294117647]}, "perc_sig_hi_idxs_p_vals": {"0": 1.7763568394002505e-15, "1": 1.7763568394002505e-15, "2": 1.7763568394002505e-15, "3": 1.7763568394002505e-15}, "perc_sig_hi_idxs_raw_p_vals": {"0": 1.1102230246251565e-16, "1": 1.1102230246251565e-16, "2": 1.1102230246251565e-16, "3": 1.1102230246251565e-16}, "perc_sig_hi_idxs_stds": {"0": 0.8070440458811473, "1": 1.8195646749959857, "2": 0.47926817973630365, "3": 3.164340188313211}, "perc_sig_lo_idxs": {"0": 8.265682656826568, "1": 24.078624078624077, "2": 10.865692910580691, "3": 8.823529411764707}, "perc_sig_lo_idxs_CIs": {"0": [6.273062730627306, 8.265682656826568, 10.40590405904059], "1": [18.42751842751843, 24.078624078624077, 29.975429975429975], "2": [9.29818311364446, 10.865692910580691, 12.504453152832204], "3": [3.9215686274509802, 8.823529411764707, 14.705882352941178]}, "perc_sig_lo_idxs_null_CIs": {"0": [1.4022140221402213, 2.5092250922509227, 3.7638376383763834], "1": [0.7371007371007371, 2.457002457002457, 4.914004914004914], "2": [1.7456359102244388, 2.493765586034913, 3.3487709298183113], "3": [0.0, 2.450980392156863, 5.88235294117647]}, "perc_sig_lo_idxs_p_vals": {"0": 1.7763568394002505e-15, "1": 1.7763568394002505e-15, "2": 1.7763568394002505e-15, "3": 1.8562837405866617e-05}, "perc_sig_lo_idxs_raw_p_vals": {"0": 1.1102230246251565e-16, "1": 1.1102230246251565e-16, "2": 1.1102230246251565e-16, "3": 1.1601773378666635e-06}, "perc_sig_lo_idxs_stds": {"0": 0.7543667850510501, "1": 2.1073288696583767, "2": 0.5929847194585167, "3": 1.9796823592101678}, "planes": {"0": "dend", "1": "soma", "2": "dend", "3": "soma"}, "sess_ns": {"0": 1, "1": 1, "2": 1, "3": 1}, "sessids": {"0": [764704289, 826187862], "1": [758519303, 761624763, 832883243], "2": [777914830, 823453391, 826338612], "3": [760260459, 777496949, 826659257]}, "twop_fps": {"0": [30.07813959571523, 30.144500357598133], "1": [30.078378454283577, 30.078851569841987, 30.14568495521582], "2": [30.077333414794325, 30.077185948833936, 30.14486573850595], "3": [30.07838602073336, 30.074722190098097, 30.074089746976814]}}, "permpar": {"multcomp": 8, "n_perms": 10000, "p_val": 0.05, "tails": 2}, "sesspar": {"closest": false, "incl": "all", "line": "all", "min_rois": 1, "mouse_n": "any", "pass_fail": "P", "plane": "all", "runtype": "prod", "sess_n": [1]}, "stimpar": {"gab_ori": [90, 135], "gabfr": 3, "gabk": 16, "post": 0.6, "pre": 0, "stimtype": "gabors", "visflow_dir": "none", "visflow_size": "none"}}