{"analyspar": {"dend": "extr", "error": "sem", "fluor": "dff", "remnans": true, "scale": true, "stats": "mean", "tracked": false}, "basepar": {"baseline": 0}, "extrapar": {"n_bins": 40, "seed": 905}, "idx_df": {"CI_edges": {"0": [-0.20832668490073178, 0.19948333194910264], "1": [-0.2091591528194526, 0.18876148045780397], "2": [-0.20535443714863919, 0.18867399036406274], "3": [-0.21468670754305355, 0.19114819560531562]}, "CI_perc": {"0": [2.5, 97.5], "1": [2.5, 97.5], "2": [2.5, 97.5], "3": [2.5, 97.5]}, "bin_edges": {"0": [-0.6482445900305863, 0.49707640828942473], "1": [-0.8367013715295581, 0.9038038428182911], "2": [-0.8736054084199454, 0.6163161278003291], "3": [-0.5906205475146606, 1.7875210713607168]}, "lines": {"0": "L23-Cux2", "1": "L23-Cux2", "2": "L5-Rbp4", "3": "L5-Rbp4"}, "mouse_ns": {"0": [6, 9], "1": [1, 3, 13], "2": [8, 11, 10], "3": [4, 7, 12]}, "mouseids": {"0": [413663, 433414], "1": [408021, 411424, 440889], "2": [420011, 433451, 433448], "3": [411771, 418779, 433458]}, "n_pos": {"0": 530, "1": 189, "2": 1424, "3": 117}, "n_signif_hi": {"0": 83, "1": 71, "2": 196, "3": 64}, "n_signif_lo": {"0": 195, "1": 57, "2": 249, "3": 14}, "nrois": {"0": [628, 727], "1": [96, 87, 224], "2": [205, 966, 1636], "3": [90, 15, 99]}, "perc_idx_binned": {"0": [0.14391143911439114, 0.04649446494464945, 0.037638376383763834, 0.03025830258302583, 0.042804428044280446, 0.03099630996309963, 0.02214022140221402, 0.02214022140221402, 0.023616236162361623, 0.015498154981549815, 0.01918819188191882, 0.014022140221402213, 0.01992619926199262, 0.017712177121771217, 0.017712177121771217, 0.022878228782287822, 0.022878228782287822, 0.017712177121771217, 0.016974169741697416, 0.017712177121771217, 0.022878228782287822, 0.016974169741697416, 0.015498154981549815, 0.016974169741697416, 0.007380073800738007, 0.014022140221402213, 0.017712177121771217, 0.016974169741697416, 0.020664206642066422, 0.01918819188191882, 0.011808118081180811, 0.00959409594095941, 0.01992619926199262, 0.020664206642066422, 0.020664206642066422, 0.020664206642066422, 0.021402214022140223, 0.016974169741697416, 0.026568265682656828, 0.061254612546125464], "1": [0.14004914004914004, 0.04668304668304668, 0.02457002457002457, 0.014742014742014743, 0.03194103194103194, 0.0171990171990172, 0.02457002457002457, 0.019656019656019656, 0.02457002457002457, 0.0171990171990172, 0.0171990171990172, 0.0171990171990172, 0.007371007371007371, 0.0171990171990172, 0.007371007371007371, 0.029484029484029485, 0.012285012285012284, 0.009828009828009828, 0.019656019656019656, 0.009828009828009828, 0.014742014742014743, 0.012285012285012284, 0.02702702702702703, 0.012285012285012284, 0.014742014742014743, 0.009828009828009828, 0.019656019656019656, 0.0, 0.012285012285012284, 0.014742014742014743, 0.014742014742014743, 0.019656019656019656, 0.019656019656019656, 0.012285012285012284, 0.014742014742014743, 0.014742014742014743, 0.022113022113022112, 0.0343980343980344, 0.02702702702702703, 0.17444717444717445], "2": [0.08870680441752761, 0.027787673672960457, 0.02280014250089063, 0.016031350195938723, 0.02493765586034913, 0.02101888136800855, 0.021375133594584966, 0.017100106875667972, 0.017100106875667972, 0.018525115781973637, 0.017456359102244388, 0.018881368008550052, 0.018525115781973637, 0.018881368008550052, 0.01816886355539722, 0.01460634128963306, 0.01816886355539722, 0.01816886355539722, 0.017456359102244388, 0.018881368008550052, 0.020662629141432135, 0.020662629141432135, 0.023512646954043464, 0.02386889918061988, 0.023156394727467045, 0.023156394727467045, 0.0220876380477378, 0.024225151407196294, 0.018881368008550052, 0.0199501246882793, 0.022443890274314215, 0.02921268257926612, 0.02386889918061988, 0.031706448165301035, 0.030637691485571786, 0.02743142144638404, 0.023512646954043464, 0.02921268257926612, 0.03740648379052369, 0.06982543640897755], "3": [0.06862745098039216, 0.0196078431372549, 0.014705882352941176, 0.00980392156862745, 0.014705882352941176, 0.00980392156862745, 0.024509803921568627, 0.029411764705882353, 0.004901960784313725, 0.00980392156862745, 0.029411764705882353, 0.014705882352941176, 0.0196078431372549, 0.0196078431372549, 0.0196078431372549, 0.00980392156862745, 0.0196078431372549, 0.024509803921568627, 0.014705882352941176, 0.014705882352941176, 0.014705882352941176, 0.0, 0.004901960784313725, 0.03431372549019608, 0.024509803921568627, 0.014705882352941176, 0.014705882352941176, 0.00980392156862745, 0.014705882352941176, 0.03431372549019608, 0.00980392156862745, 0.004901960784313725, 0.0, 0.004901960784313725, 0.004901960784313725, 0.029411764705882353, 0.004901960784313725, 0.03431372549019608, 0.03431372549019608, 0.3137254901960784]}, "planes": {"0": "dend", "1": "soma", "2": "dend", "3": "soma"}, "rand_idx_binned": {"0": [0.0, 0.0, 0.0, 0.0, 5.904059040590405e-07, 2.656826568265683e-06, 8.118081180811808e-06, 2.3247232472324722e-05, 7.468634686346863e-05, 0.00018309963099630996, 0.0004687822878228782, 0.0011591143911439115, 0.002571660516605166, 0.005159040590405904, 0.010062878228782287, 0.017455350553505534, 0.028320147601476015, 0.04284966789667897, 0.059416383763837635, 0.07680007380073801, 0.09192619926199262, 0.1032868634686347, 0.1082239852398524, 0.10432287822878229, 0.09480885608856089, 0.07996767527675276, 0.06192317343173432, 0.04450634686346863, 0.02958760147601476, 0.017836752767527674, 0.009891143911439115, 0.00500169741697417, 0.0023797047970479704, 0.0010810332103321034, 0.0004388929889298893, 0.00017992619926199263, 5.4095940959409595e-05, 2.2583025830258302e-05, 3.7638376383763836e-06, 1.3284132841328414e-06], "1": [0.0, 0.0, 0.0, 0.0, 0.0, 0.0, 4.914004914004914e-07, 9.828009828009828e-07, 1.031941031941032e-05, 5.061425061425061e-05, 0.00023955773955773956, 0.0009371007371007371, 0.003528992628992629, 0.010995085995085994, 0.02875896805896806, 0.06026855036855037, 0.10163488943488944, 0.13687395577395578, 0.1572152334152334, 0.15475356265356266, 0.13503071253071253, 0.10176216216216216, 0.06278992628992629, 0.029843488943488945, 0.010967567567567567, 0.0033154791154791155, 0.0008164619164619164, 0.00016953316953316954, 2.9238329238329237e-05, 6.388206388206388e-06, 7.371007371007371e-07, 0.0, 0.0, 0.0, 0.0, 0.0, 0.0, 0.0, 0.0, 0.0], "2": [0.0, 0.0, 0.0, 0.0, 0.0, 0.0, 0.0, 0.0, 0.0, 6.056287851799074e-07, 4.524403277520484e-06, 1.813323833273958e-05, 6.34485215532597e-05, 0.00023195582472390454, 0.0007882793017456359, 0.002384396152475953, 0.00666116850730317, 0.016238760242251515, 0.03462650516565729, 0.06247121482009262, 0.09438222301389383, 0.12110997506234414, 0.13559853936587105, 0.13603387958674742, 0.12347402921268258, 0.10300274314214464, 0.07589608122550766, 0.04708849305308158, 0.024195903099394372, 0.010259244745279658, 0.003773744210901318, 0.001250801567509797, 0.0003280726754542216, 8.988243676522978e-05, 2.4723904524403278e-05, 1.923762023512647e-06, 6.41254007837549e-07, 1.0687566797292483e-07, 0.0, 0.0], "3": [0.0, 3.92156862745098e-06, 2.8431372549019608e-05, 0.00035, 0.002292156862745098, 0.012523529411764706, 0.04782843137254902, 0.1192686274509804, 0.18116029411764706, 0.20150882352941177, 0.1862563725490196, 0.14201127450980391, 0.07577352941176471, 0.024774019607843138, 0.005333823529411765, 0.0007916666666666666, 8.529411764705883e-05, 8.823529411764705e-06, 9.80392156862745e-07, 0.0, 0.0, 0.0, 0.0, 0.0, 0.0, 0.0, 0.0, 0.0, 0.0, 0.0, 0.0, 0.0, 0.0, 0.0, 0.0, 0.0, 0.0, 0.0, 0.0, 0.0]},