{"analyspar": {"dend": "extr", "error": "sem", "fluor": "dff", "rem_bad": true, "scale": true, "stats": "mean", "tracked": false}, "basepar": {"baseline": 0}, "diffs_df": {"lines": {"0": "L23-Cux2", "1": "L23-Cux2", "2": "L23-Cux2", "3": "L23-Cux2", "4": "L23-Cux2", "5": "L23-Cux2", "6": "L5-Rbp4", "7": "L5-Rbp4", "8": "L5-Rbp4", "9": "L5-Rbp4", "10": "L5-Rbp4", "11": "L5-Rbp4"}, "mouse_ns": {"0": [6, 9], "1": [6, 9], "2": [6, 9], "3": [1, 3, 13], "4": [1, 3, 13], "5": [1, 3, 13], "6": [8, 11, 10], "7": [8, 11, 10], "8": [8, 11, 10], "9": [4, 7, 12], "10": [4, 7, 12], "11": [4, 7, 12]}, "mouseids": {"0": [413663, 433414], "1": [413663, 433414], "2": [413663, 433414], "3": [408021, 411424, 440889], "4": [408021, 411424, 440889], "5": [408021, 411424, 440889], "6": [420011, 433451, 433448], "7": [420011, 433451, 433448], "8": [420011, 433451, 433448], "9": [411771, 418779, 433458], "10": [411771, 418779, 433458], "11": [411771, 418779, 433458]}, "nrois": {"0": [628, 727], "1": [348, 300], "2": [512, 333], "3": [96, 87, 224], "4": [74, 90, 224], "5": [107, 80, 210], "6": [205, 966, 1636], "7": [159, 1029, 445], "8": [182, 986, 496], "9": [90, 15, 99], "10": [70, 26, 87], "11": [79, 29, 97]}, "p_vals_0v2": {"0": 0.0, "1": 1.0, "2": 0.0, "3": 1.0, "4": 1.0, "5": 0.6597599999999988, "6": 0.0, "7": 0.0, "8": 1.0, "9": 1.0, "10": 1.0, "11": 0.296640000000001}, "planes": {"0": "dend", "1": "dend", "2": "dend", "3": "soma", "4": "soma", "5": "soma", "6": "dend", "7": "dend", "8": "dend", "9": "soma", "10": "soma", "11": "soma"}, "raw_p_vals_0v2": {"0": 0.0, "1": 0.16409999999999997, "2": 0.0, "3": 0.06569000000000003, "4": 0.48128, "5": 0.027489999999999952, "6": 0.0, "7": 0.0, "8": 0.10937, "9": 0.42210000000000003, "10": 0.0558, "11": 0.012360000000000043}, "sess_ns": {"0": 1, "1": 2, "2": 3, "3": 1, "4": 2, "5": 3, "6": 1, "7": 2, "8": 3, "9": 1, "10": 2, "11": 3}, "sessids": {"0": [764704289, 826187862], "1": [765193831, 826773996], "2": [766502238, 827833392], "3": [758519303, 761624763, 832883243], "4": [759189643, 761944562, 833704570], "5": [759660390, 762250376, 834403597], "6": [777914830, 823453391, 826338612], "7": [778864809, 824434038, 826819032], "8": [779650018, 825180479, 828816509], "9": [760260459, 777496949, 826659257], "10": [760659782, 778374308, 827300090], "11": [761269197, 779152062, 828475005]}, "third_0_diff_stats": {"0": [-0.003081540735621174, 0.0007044455715876157], "1": [0.0004296902543188858, 0.0009173109016904782], "2": [0.008494996860961255, 0.0007895419105989896], "3": [-0.0006006260333131754, 0.0036500282486649164], "4": [0.011021308092882499, 0.0036600033158733867], "5": [-0.005272546398649105, 0.0036889442805166893], "6": [-0.004898274118875516, 0.0005637357327131574], "7": [0.01449697898013599, 0.0013909108566506046], "8": [0.009822438252671293, 0.0012053174933617313], "9": [0.039558373435732964, 0.02042650086497033], "10": [0.019584591838455304, 0.008402062441991778], "11": [-0.013925763283583829, 0.005146757963881816]}, "third_2_diff_stats": {"0": [0.002250401273587513, 0.0004698237948975525], "1": [0.0012582963610579113, 0.0007397561936218426], "2": [0.0042007807583040666, 0.00067357539471094], "3": [0.00833489751503096, 0.0059151249701050925], "4": [0.011301811268247666, 0.004491892613750699], "5": [0.005438103199163013, 0.003412387924156406], "6": [-0.001267471135789854, 0.0004220142668434542], "7": [0.021647973490701956, 0.0015493013084742953], "8": [0.00822162222485489, 0.0009559882301138501], "9": [0.03711904425917154, 0.014655067074479493], "10": [0.0022552894223793096, 0.006886883807328205], "11": [0.002857968240952685, 0.005694169085524914]}, "twop_fps": {"0": [30.07873941279558, 30.145366140617686], "1": [30.0785008642911, 30.07588534608751], "2": [30.077910707737953, 30.077548459271053], "3": [30.078983328254086, 30.07944131878434, 30.1464825439288], "4": [30.078268419466536, 30.081071882218684, 30.145455809449363], "5": [30.076117097066117, 30.080400521971875, 30.146188508189983], "6": [30.07804351704725, 30.07755196550725, 30.145726737715965], "7": [30.0787391265609, 30.078495855224936, 30.075890569375726], "8": [30.07968594989644, 30.077081594670776, 30.075181649653103], "9": [30.078740843969026, 30.075425993793207, 30.074462569813036], "10": [30.077073652096402, 30.076852276633467, 30.07565588465726], "11": [30.076119028981516, 30.078618622247273, 30.074220157768835]}}, "extrapar": {"seed": 905, "split": "by_exp", "thirds": true}, "permpar": {"multcomp": 12, "n_perms": 100000, "p_val": 0.05, "tails": 2}, "sesspar": {"closest": false, "incl": "all", "line": "all", "min_rois": 1, "mouse_n": "any", "pass_fail": "P", "plane": "all", "runtype": "prod", "sess_n": [1, 2, 3]}, "stimpar": {"gab_ori": [0, 45, 90, 135, 180, 225], "gabfr": 3, "gabk": 16, "post": 0.6, "pre": 0.9, "stimtype": "gabors", "visflow_dir": "none", "visflow_size": "none"}}