{"analyspar": {"dend": "extr", "error": "sem", "fluor": "dff", "rem_bad": true, "scale": true, "stats": "mean", "tracked": false}, "basepar": {"baseline": 0}, "diffs_df": {"diff_stats": {"0": [-0.0016164882399715428, 0.00048286878563470883], "1": [0.002299063466520486, 0.0006383340673739279], "2": [0.006131041655978292, 0.0005422355108346723], "3": [0.00637759084771215, 0.0037652226396817892], "4": [0.010166357475450076, 0.0026573212809237507], "5": [0.0013993430857920067, 0.0019756820496940096], "6": [-0.0018109095666871927, 0.00033001303301566387], "7": [0.014980081221608904, 0.001163291612650486], "8": [0.010177977726659645, 0.0008451183896454197], "9": [0.037304327205040906, 0.0161915524873458], "10": [0.0059378731280058765, 0.004210210065241979], "11": [-0.0047777425037090725, 0.0034151540862200095]}, "lines": {"0": "L23-Cux2", "1": "L23-Cux2", "2": "L23-Cux2", "3": "L23-Cux2", "4": "L23-Cux2", "5": "L23-Cux2", "6": "L5-Rbp4", "7": "L5-Rbp4", "8": "L5-Rbp4", "9": "L5-Rbp4", "10": "L5-Rbp4", "11": "L5-Rbp4"}, "mouse_ns": {"0": [6, 9], "1": [6, 9], "2": [6, 9], "3": [1, 3, 13], "4": [1, 3, 13], "5": [1, 3, 13], "6": [8, 11, 10], "7": [8, 11, 10], "8": [8, 11, 10], "9": [4, 7, 12], "10": [4, 7, 12], "11": [4, 7, 12]}, "mouseids": {"0": [413663, 433414], "1": [413663, 433414], "2": [413663, 433414], "3": [408021, 411424, 440889], "4": [408021, 411424, 440889], "5": [408021, 411424, 440889], "6": [420011, 433451, 433448], "7": [420011, 433451, 433448], "8": [420011, 433451, 433448], "9": [411771, 418779, 433458], "10": [411771, 418779, 433458], "11": [411771, 418779, 433458]}, "nrois": {"0": [628, 727], "1": [348, 300], "2": [512, 333], "3": [96, 87, 224], "4": [74, 90, 224], "5": [107, 80, 210], "6": [205, 966, 1636], "7": [159, 1029, 445], "8": [182, 986, 496], "9": [90, 15, 99], "10": [70, 26, 87], "11": [79, 29, 97]}, "null_CIs": {"0": [-0.004124458765884262, 5.452820363783015e-05, 0.004507915063744001], "1": [-0.004862431325733103, -4.18623692775744e-05, 0.005745938032597935], "2": [-0.0038413120061379625, -3.989182971601343e-05, 0.004139873452322522], "3": [-0.011054899906457477, -7.323284885973842e-05, 0.011809858567613494], "4": [-0.01138148028637664, -8.835998353732844e-05, 0.012248082666986466], "5": [-0.01057624168362827, -3.6050236555967125e-05, 0.011676759418633907], "6": [-0.003642982191776272, -7.950856488443506e-05, 0.0039522131643158825], "7": [-0.006277553410108334, -2.3452966232825147e-05, 0.008302425539324348], "8": [-0.0047086948172375565, -0.00015808029085909566, 0.004901145970796453], "9": [-0.01516233102631015, -8.581915880686135e-05, 0.01711558244519091], "10": [-0.01787035576326132, -0.0002494961023133343, 0.021565167952657564], "11": [-0.012165679751389631, 9.907784495667421e-06, 0.01346798300994921]}, "p_vals": {"0": 1.0, "1": 1.0, "2": 0.0, "3": 1.0, "4": 0.2519999999999959, "5": 1.0, "6": 1.0, "7": 0.0, "8": 0.0, "9": 0.0, "10": 1.0, "11": 1.0}, "p_vals_1v2": {"0": 0.0, "1": 0.0, "2": NaN, "3": 1.0, "4": 1.0, "5": NaN, "6": 0.0, "7": 0.0, "8": NaN, "9": 0.7545600000000001, "10": 0.7545600000000001, "11": NaN}, "p_vals_1v3": {"0": 0.0, "1": NaN, "2": 0.0, "3": 1.0, "4": NaN, "5": 1.0, "6": 0.0, "7": NaN, "8": 0.0, "9": 0.010560000000000002, "10": NaN, "11": 0.010560000000000002}, "p_vals_2v3": {"0": NaN, "1": 0.0, "2": NaN, "3": NaN, "4": 0.1824, "5": NaN, "6": NaN, "7": 0.01968, "8": NaN, "9": NaN, "10": 1.0, "11": NaN}, "planes": {"0": "dend", "1": "dend", "2": "dend", "3": "soma", "4": "soma", "5": "soma", "6": "dend", "7": "dend", "8": "dend", "9": "soma", "10": "soma", "11": "soma"}, "raw_p_vals": {"0": 0.11208, "1": 0.09079000000000008, "2": 0.0, "3": 0.04290999999999997, "4": 0.0052499999999999145, "5": 0.3438600000000001, "6": 0.07411, "7": 0.0, "8": 0.0, "9": 0.0, "10": 0.17367000000000005, "11": 0.1209}, "raw_p_vals_1v2": {"0": 0.0, "1": 0.0, "2": NaN, "3": 0.20792999999999992, "4": 0.20792999999999992, "5": NaN, "6": 0.0, "7": 0.0, "8": NaN, "9": 0.01572, "10": 0.01572, "11": NaN}, "raw_p_vals_1v3": {"0": 0.0, "1": NaN, "2": 0.0, "3": 0.12532, "4": NaN, "5": 0.12532, "6": 0.0, "7": NaN, "8": 0.0, "9": 0.00022000000000000003, "10": NaN, "11": 0.00022000000000000003}, "raw_p_vals_2v3": {"0": NaN, "1": 0.0, "2": NaN, "3": NaN, "4": 0.0038, "5": NaN, "6": NaN, "7": 0.00041, "8": NaN, "9": NaN, "10": 0.023560000000000005, "11": NaN}, "sess_ns": {"0": 1, "1": 2, "2": 3, "3": 1, "4": 2, "5": 3, "6": 1, "7": 2, "8": 3, "9": 1, "10": 2, "11": 3}, "sessids": {"0": [764704289, 826187862], "1": [765193831, 826773996], "2": [766502238, 827833392], "3": [758519303, 761624763, 832883243], "4": [759189643, 761944562, 833704570], "5": [759660390, 762250376, 834403597], "6": [777914830, 823453391, 826338612], "7": [778864809, 824434038, 826819032], "8": [779650018, 825180479, 828816509], "9": [760260459, 777496949, 826659257], "10": [760659782, 778374308, 827300090], "11": [761269197, 779152062, 828475005]}, "twop_fps": {"0": [30.07813959571523, 30.144500357598133], "1": [30.077900889986196, 30.07552112535785], "2": [30.077216948561407, 30.077182971972437], "3": [30.078378454283577, 30.078851569841987, 30.14568495521582], "4": [30.07765930675408, 30.080475663992054, 30.144666915471394], "5": [30.075519139965518, 30.079967716296547, 30.145392035535384], "6": [30.077333414794325, 30.077185948833936, 30.14486573850595], "7": [30.078045202545628, 30.078135089103647, 30.075521692645736], "8": [30.079339019712318, 30.076711414228807, 30.07463607881175], "9": [30.07838602073336, 30.074722190098097, 30.074089746976814], "10": [30.076467628030922, 30.07614866332268, 30.07527829612049], "11": [30.07552041060695, 30.077928262531405, 30.07367587689206]}}, "extrapar": {"seed": 905, "split": "by_exp"}, "permpar": {"multcomp": 24, "n_perms": 100000, "p_val": 0.05, "tails": 2}, "sesspar": {"closest": false, "incl": "all", "line": "all", "min_rois": 1, "mouse_n": "any", "pass_fail": "P", "plane": "all", "runtype": "prod", "sess_n": [1, 2, 3]}, "stimpar": {"gab_ori": [0, 45, 90, 135, 180, 225], "gabfr": 3, "gabk": 16, "post": 0.6, "pre": 0.9, "stimtype": "gabors", "visflow_dir": "none", "visflow_size": "none"}}