{"analyspar": {"dend": "extr", "error": "sem", "fluor": "dff", "rem_bad": true, "scale": false, "stats": "mean", "tracked": false}, "extrapar": {"rel_sess": 1, "seed": 905}, "permpar": {"multcomp": 24, "n_perms": 100000, "p_val": 0.05, "tails": 2}, "rel_resp_df": {"lines": {"0": "L23-Cux2", "1": "L23-Cux2", "2": "L23-Cux2", "3": "L23-Cux2", "4": "L23-Cux2", "5": "L23-Cux2", "6": "L5-Rbp4", "7": "L5-Rbp4", "8": "L5-Rbp4", "9": "L5-Rbp4", "10": "L5-Rbp4", "11": "L5-Rbp4"}, "mouse_ns": {"0": [6, 9], "1": [6, 9], "2": [6, 9], "3": [1, 3, 13], "4": [1, 3, 13], "5": [1, 3, 13], "6": [8, 11, 10], "7": [8, 11, 10], "8": [8, 11, 10], "9": [4, 7, 12], "10": [4, 7, 12], "11": [4, 7, 12]}, "mouseids": {"0": [413663, 433414], "1": [413663, 433414], "2": [413663, 433414], "3": [408021, 411424, 440889], "4": [408021, 411424, 440889], "5": [408021, 411424, 440889], "6": [420011, 433451, 433448], "7": [420011, 433451, 433448], "8": [420011, 433451, 433448], "9": [411771, 418779, 433458], "10": [411771, 418779, 433458], "11": [411771, 418779, 433458]}, "nrois": {"0": [628, 727], "1": [348, 300], "2": [512, 333], "3": [96, 87, 224], "4": [74, 90, 224], "5": [107, 80, 210], "6": [205, 966, 1636], "7": [159, 1029, 445], "8": [182, 986, 496], "9": [90, 15, 99], "10": [70, 26, 87], "11": [79, 29, 97]}, "planes": {"0": "dend", "1": "dend", "2": "dend", "3": "soma", "4": "soma", "5": "soma", "6": "dend", "7": "dend", "8": "dend", "9": "soma", "10": "soma", "11": "soma"}, "rel_reg": {"0": [1.0, 0.03395157183176525], "1": [0.9288224921495751, 0.031617054104344886], "2": [0.9797804779009979, 0.03127954014147953], "3": [0.9999999999999999, 0.11236603613405007], "4": [1.2071091948474328, 0.10166837353051111], "5": [0.793402459172585, 0.07566090805974116], "6": [1.0, 0.016992953710095147], "7": [0.988607233602276, 0.023134702192490402], "8": [0.8557355726601604, 0.022364423214560517], "9": [1.0, 0.11491401019184094], "10": [0.7645125507642329, 0.09830331518568107], "11": [0.5744049449286726, 0.10105869004335297]}, "rel_reg_p_vals_1v2": {"0": 1.0, "1": 1.0, "2": NaN, "3": 1.0, "4": 1.0, "5": NaN, "6": 1.0, "7": 1.0, "8": NaN, "9": 1.0, "10": 1.0, "11": NaN}, "rel_reg_p_vals_1v3": {"0": 1.0, "1": NaN, "2": 1.0, "3": 1.0, "4": NaN, "5": 1.0, "6": 0.0, "7": NaN, "8": 0.0, "9": 0.1176, "10": NaN, "11": 0.1176}, "rel_reg_p_vals_2v3": {"0": NaN, "1": 1.0, "2": NaN, "3": NaN, "4": 0.017759999999999998, "5": NaN, "6": NaN, "7": 0.00048000000000000007, "8": NaN, "9": NaN, "10": 1.0, "11": NaN}, "rel_reg_raw_p_vals_1v2": {"0": 0.09107, "1": 0.09107, "2": NaN, "3": 0.08575000000000003, "4": 0.08575000000000003, "5": NaN, "6": 0.3448399999999999, "7": 0.3448399999999999, "8": NaN, "9": 0.06278, "10": 0.06278, "11": NaN}, "rel_reg_raw_p_vals_1v3": {"0": 0.34732, "1": NaN, "2": 0.34732, "3": 0.06505, "4": NaN, "5": 0.06505, "6": 0.0, "7": NaN, "8": 0.0, "9": 0.00245, "10": NaN, "11": 0.00245}, "rel_reg_raw_p_vals_2v3": {"0": NaN, "1": 0.13078999999999993, "2": NaN, "3": NaN, "4": 0.00037, "5": NaN, "6": NaN, "7": 1e-05, "8": NaN, "9": NaN, "10": 0.09348, "11": NaN}, "rel_unexp": {"0": [0.8685390980562698, 0.018557655490048203], "1": [1.194402610041441, 0.04415634731121665], "2": [1.217306082939119, 0.035177839530261316], "3": [1.2196385798269729, 0.20330098956746293], "4": [1.196485614419161, 0.16960964981249133], "5": [0.1987975097006439, 0.07695076280634613], "6": [0.9864259362696605, 0.016418831542261352], "7": [1.4354990048822787, 0.04454449157106666], "8": [1.4136311725395154, 0.02720376726868772], "9": [1.8318050627837035, 0.3540650007111581], "10": [1.1237722112303126, 0.09517667001592081], "11": [1.0843173731104296, 0.17577129179477288]}, "rel_unexp_p_vals_1v2": {"0": 0.0, "1": 0.0, "2": NaN, "3": 1.0, "4": 1.0, "5": NaN, "6": 0.0, "7": 0.0, "8": NaN, "9": 0.8140799999999999, "10": 0.8140799999999999, "11": NaN}, "rel_unexp_p_vals_1v3": {"0": 0.0, "1": NaN, "2": 0.0, "3": 0.0, "4": NaN, "5": 0.0, "6": 0.0, "7": NaN, "8": 0.0, "9": 1.0, "10": NaN, "11": 1.0}, "rel_unexp_p_vals_2v3": {"0": NaN, "1": 1.0, "2": NaN, "3": NaN, "4": 0.0, "5": NaN, "6": NaN, "7": 1.0, "8": NaN, "9": NaN, "10": 1.0, "11": NaN}, "rel_unexp_raw_p_vals_1v2": {"0": 0.0, "1": 0.0, "2": NaN, "3": 0.46678, "4": 0.46678, "5": NaN, "6": 0.0, "7": 0.0, "8": NaN, "9": 0.01696, "10": 0.01696, "11": NaN}, "rel_unexp_raw_p_vals_1v3": {"0": 0.0, "1": NaN, "2": 0.0, "3": 0.0, "4": NaN, "5": 0.0, "6": 0.0, "7": NaN, "8": 0.0, "9": 0.022330000000000003, "10": NaN, "11": 0.022330000000000003}, "rel_unexp_raw_p_vals_2v3": {"0": NaN, "1": 0.34128000000000003, "2": NaN, "3": NaN, "4": 0.0, "5": NaN, "6": NaN, "7": 0.33566, "8": NaN, "9": NaN, "10": 0.42808, "11": NaN}, "sess_ns": {"0": 1, "1": 2, "2": 3, "3": 1, "4": 2, "5": 3, "6": 1, "7": 2, "8": 3, "9": 1, "10": 2, "11": 3}, "sessids": {"0": [764704289, 826187862], "1": [765193831, 826773996], "2": [766502238, 827833392], "3": [758519303, 761624763, 832883243], "4": [759189643, 761944562, 833704570], "5": [759660390, 762250376, 834403597], "6": [777914830, 823453391, 826338612], "7": [778864809, 824434038, 826819032], "8": [779650018, 825180479, 828816509], "9": [760260459, 777496949, 826659257], "10": [760659782, 778374308, 827300090], "11": [761269197, 779152062, 828475005]}, "twop_fps": {"0": [30.07873941279558, 30.145366140617686], "1": [30.0785008642911, 30.07588534608751], "2": [30.077910707737953, 30.077548459271053], "3": [30.078983328254086, 30.07944131878434, 30.1464825439288], "4": [30.078268419466536, 30.081071882218684, 30.145455809449363], "5": [30.076117097066117, 30.080400521971875, 30.146188508189983], "6": [30.07804351704725, 30.07755196550725, 30.145726737715965], "7": [30.0787391265609, 30.078495855224936, 30.075890569375726], "8": [30.07968594989644, 30.077081594670776, 30.075181649653103], "9": [30.078740843969026, 30.075425993793207, 30.074462569813036], "10": [30.077073652096402, 30.076852276633467, 30.07565588465726], "11": [30.076119028981516, 30.078618622247273, 30.074220157768835]}}, "sesspar": {"closest": false, "incl": "all", "line": "all", "min_rois": 1, "mouse_n": "any", "pass_fail": "P", "plane": "all", "runtype": "prod", "sess_n": [1, 2, 3]}, "stimpar": {"gab_ori": [0, 45, 90, 135, 180, 225], "gabfr": [[0, 1, 2], [3, 4]], "gabk": 16, "post": 0.3, "pre": 0, "stimtype": "gabors", "visflow_dir": "none", "visflow_size": "none"}}