{"analyspar": {"dend": "extr", "error": "sem", "fluor": "dff", "rem_bad": true, "scale": true, "stats": "mean", "tracked": false}, "basepar": {"baseline": 0}, "diffs_df": {"diff_stats": {"0": [-0.0016164661946600739, 0.00048285852546905495], "1": [0.0022990214909461917, 0.0006383223837055914], "2": [0.0061309126743812874, 0.0005422236934763657], "3": [0.006377448554261231, 0.003765137613009808], "4": [0.010166087439957363, 0.0026572581733073906], "5": [0.001399291996940302, 0.0019756393750082774], "6": [-0.0018109003966416926, 0.0003300071576665295], "7": [0.014979903768449526, 0.0011632775577009931], "8": [0.010177831396220348, 0.0008451069499735652], "9": [0.03730388462457556, 0.016191359647510527], "10": [0.0059377741322114465, 0.004210137499294805], "11": [-0.00477765190791006, 0.0034150858727702246]}, "lines": {"0": "L23-Cux2", "1": "L23-Cux2", "2": "L23-Cux2", "3": "L23-Cux2", "4": "L23-Cux2", "5": "L23-Cux2", "6": "L5-Rbp4", "7": "L5-Rbp4", "8": "L5-Rbp4", "9": "L5-Rbp4", "10": "L5-Rbp4", "11": "L5-Rbp4"}, "mouse_ns": {"0": [6, 9], "1": [6, 9], "2": [6, 9], "3": [1, 3, 13], "4": [1, 3, 13], "5": [1, 3, 13], "6": [8, 11, 10], "7": [8, 11, 10], "8": [8, 11, 10], "9": [4, 7, 12], "10": [4, 7, 12], "11": [4, 7, 12]}, "mouseids": {"0": [413663, 433414], "1": [413663, 433414], "2": [413663, 433414], "3": [408021, 411424, 440889], "4": [408021, 411424, 440889], "5": [408021, 411424, 440889], "6": [420011, 433451, 433448], "7": [420011, 433451, 433448], "8": [420011, 433451, 433448], "9": [411771, 418779, 433458], "10": [411771, 418779, 433458], "11": [411771, 418779, 433458]}, "nrois": {"0": [628, 727], "1": [348, 300], "2": [512, 333], "3": [96, 87, 224], "4": [74, 90, 224], "5": [107, 80, 210], "6": [205, 966, 1636], "7": [159, 1029, 445], "8": [182, 986, 496], "9": [90, 15, 99], "10": [70, 26, 87], "11": [79, 29, 97]}, "null_CIs": {"0": [-0.0041243687160227, 5.45226747269619e-05, 0.004507813095202161], "1": [-0.0048623472644399365, -4.186148493441537e-05, 0.005745823927867959], "2": [-0.0038412341069142685, -3.9891156704349124e-05, 0.004139787798845627], "3": [-0.011054632527129567, -7.322935631970735e-05, 0.011809570496363359], "4": [-0.011381207951348636, -8.834949006677648e-05, 0.012247807045478454], "5": [-0.01057600489635022, -3.6054156123633516e-05, 0.011676489872560245], "6": [-0.0036429091908953236, -7.950528721649861e-05, 0.003952133682789439], "7": [-0.006277481107152871, -2.344987191397519e-05, 0.008302327742639065], "8": [-0.004708632784072676, -0.00015807703970986174, 0.004901081281076191], "9": [-0.01516215193376633, -8.582420829994123e-05, 0.01711536739445548], "10": [-0.01787004487785153, -0.0002494377244185254, 0.021564776572459764], "11": [-0.012165445035014238, 9.90073867111678e-06, 0.013467727556395139]}, "p_vals": {"0": 1.0, "1": 1.0, "2": 0.0, "3": 1.0, "4": 0.2519999999999959, "5": 1.0, "6": 1.0, "7": 0.0, "8": 0.0, "9": 0.0, "10": 1.0, "11": 1.0}, "p_vals_1v2": {"0": 0.0, "1": 0.0, "2": NaN, "3": 1.0, "4": 1.0, "5": NaN, "6": 0.0, "7": 0.0, "8": NaN, "9": 0.7545600000000001, "10": 0.7545600000000001, "11": NaN}, "p_vals_1v3": {"0": 0.0, "1": NaN, "2": 0.0, "3": 1.0, "4": NaN, "5": 1.0, "6": 0.0, "7": NaN, "8": 0.0, "9": 0.010560000000000002, "10": NaN, "11": 0.010560000000000002}, "p_vals_2v3": {"0": NaN, "1": 0.0, "2": NaN, "3": NaN, "4": 0.1824, "5": NaN, "6": NaN, "7": 0.01968, "8": NaN, "9": NaN, "10": 1.0, "11": NaN}, "planes": {"0": "dend", "1": "dend", "2": "dend", "3": "soma", "4": "soma", "5": "soma", "6": "dend", "7": "dend", "8": "dend", "9": "soma", "10": "soma", "11": "soma"}, "raw_p_vals": {"0": 0.11208, "1": 0.09079000000000008, "2": 0.0, "3": 0.04290999999999997, "4": 0.0052499999999999145, "5": 0.3438600000000001, "6": 0.07411, "7": 0.0, "8": 0.0, "9": 0.0, "10": 0.17367000000000005, "11": 0.1209}, "raw_p_vals_1v2": {"0": 0.0, "1": 0.0, "2": NaN, "3": 0.20792999999999992, "4": 0.20792999999999992, "5": NaN, "6": 0.0, "7": 0.0, "8": NaN, "9": 0.01572, "10": 0.01572, "11": NaN}, "raw_p_vals_1v3": {"0": 0.0, "1": NaN, "2": 0.0, "3": 0.12532, "4": NaN, "5": 0.12532, "6": 0.0, "7": NaN, "8": 0.0, "9": 0.00022000000000000003, "10": NaN, "11": 0.00022000000000000003}, "raw_p_vals_2v3": {"0": NaN, "1": 0.0, "2": NaN, "3": NaN, "4": 0.0038, "5": NaN, "6": NaN, "7": 0.00041, "8": NaN, "9": NaN, "10": 0.023560000000000005, "11": NaN}, "sess_ns": {"0": 1, "1": 2, "2": 3, "3": 1, "4": 2, "5": 3, "6": 1, "7": 2, "8": 3, "9": 1, "10": 2, "11": 3}, "sessids": {"0": [764704289, 826187862], "1": [765193831, 826773996], "2": [766502238, 827833392], "3": [758519303, 761624763, 832883243], "4": [759189643, 761944562, 833704570], "5": [759660390, 762250376, 834403597], "6": [777914830, 823453391, 826338612], "7": [778864809, 824434038, 826819032], "8": [779650018, 825180479, 828816509], "9": [760260459, 777496949, 826659257], "10": [760659782, 778374308, 827300090], "11": [761269197, 779152062, 828475005]}, "twop_fps": {"0": [30.07873941279558, 30.145366140617686], "1": [30.0785008642911, 30.07588534608751], "2": [30.077910707737953, 30.077548459271053], "3": [30.078983328254086, 30.07944131878434, 30.1464825439288], "4": [30.078268419466536, 30.081071882218684, 30.145455809449363], "5": [30.076117097066117, 30.080400521971875, 30.146188508189983], "6": [30.07804351704725, 30.07755196550725, 30.145726737715965], "7": [30.0787391265609, 30.078495855224936, 30.075890569375726], "8": [30.07968594989644, 30.077081594670776, 30.075181649653103], "9": [30.078740843969026, 30.075425993793207, 30.074462569813036], "10": [30.077073652096402, 30.076852276633467, 30.07565588465726], "11": [30.076119028981516, 30.078618622247273, 30.074220157768835]}}, "extrapar": {"seed": 905, "split": "by_exp"}, "permpar": {"multcomp": 24, "n_perms": 100000, "p_val": 0.05, "tails": 2}, "sesspar": {"closest": false, "incl": "all", "line": "all", "min_rois": 1, "mouse_n": "any", "pass_fail": "P", "plane": "all", "runtype": "prod", "sess_n": [1, 2, 3]}, "stimpar": {"gab_ori": [0, 45, 90, 135, 180, 225], "gabfr": 3, "gabk": 16, "post": 0.6, "pre": 0.9, "stimtype": "gabors", "visflow_dir": "none", "visflow_size": "none"}}