{"analyspar": {"dend": "extr", "error": "sem", "fluor": "dff", "remnans": true, "scale": false, "stats": "mean", "tracked": false}, "extrapar": {"rel_sess": 1, "seed": 905}, "permpar": {"multcomp": 24, "n_perms": 100000, "p_val": 0.05, "tails": 2}, "rel_resp_df": {"lines": {"0": "L23-Cux2", "1": "L23-Cux2", "2": "L23-Cux2", "3": "L23-Cux2", "4": "L23-Cux2", "5": "L23-Cux2", "6": "L5-Rbp4", "7": "L5-Rbp4", "8": "L5-Rbp4", "9": "L5-Rbp4", "10": "L5-Rbp4", "11": "L5-Rbp4"}, "mouse_ns": {"0": [6, 9], "1": [6, 9], "2": [6, 9], "3": [1, 3, 13], "4": [1, 3, 13], "5": [1, 3, 13], "6": [8, 11, 10], "7": [8, 11, 10], "8": [8, 11, 10], "9": [4, 7, 12], "10": [4, 7, 12], "11": [4, 7, 12]}, "mouseids": {"0": [413663, 433414], "1": [413663, 433414], "2": [413663, 433414], "3": [408021, 411424, 440889], "4": [408021, 411424, 440889], "5": [408021, 411424, 440889], "6": [420011, 433451, 433448], "7": [420011, 433451, 433448], "8": [420011, 433451, 433448], "9": [411771, 418779, 433458], "10": [411771, 418779, 433458], "11": [411771, 418779, 433458]}, "nrois": {"0": [628, 727], "1": [348, 300], "2": [512, 333], "3": [96, 87, 224], "4": [74, 90, 224], "5": [107, 80, 210], "6": [205, 966, 1636], "7": [159, 1029, 445], "8": [182, 986, 496], "9": [90, 15, 99], "10": [70, 26, 87], "11": [79, 29, 97]}, "planes": {"0": "dend", "1": "dend", "2": "dend", "3": "soma", "4": "soma", "5": "soma", "6": "dend", "7": "dend", "8": "dend", "9": "soma", "10": "soma", "11": "soma"}, "rel_reg": {"0": [1.0, 0.033951571831765254], "1": [0.9288145635111709, 0.03161674064638645], "2": [0.9797732215463613, 0.03127911145632908], "3": [1.0, 0.11236603613405007], "4": [1.20710902805556, 0.10166835640108207], "5": [0.7934019870253134, 0.07566087087953481], "6": [1.0, 0.016992953710095147], "7": [0.9886041037777803, 0.023134690061612843], "8": [0.8557321191790819, 0.022364356675825193], "9": [1.0, 0.11491401019184096], "10": [0.7645153595090097, 0.09830393734905173], "11": [0.5744083648080255, 0.10105941983731814]}, "rel_reg_p_vals_1v2": {"0": 1.0, "1": 1.0, "2": NaN, "3": 1.0, "4": 1.0, "5": NaN, "6": 1.0, "7": 1.0, "8": NaN, "9": 1.0, "10": 1.0, "11": NaN}, "rel_reg_p_vals_1v3": {"0": 1.0, "1": NaN, "2": 1.0, "3": 1.0, "4": NaN, "5": 1.0, "6": 0.0, "7": NaN, "8": 0.0, "9": 0.1176, "10": NaN, "11": 0.1176}, "rel_reg_p_vals_2v3": {"0": NaN, "1": 1.0, "2": NaN, "3": NaN, "4": 0.017759999999999998, "5": NaN, "6": NaN, "7": 0.00048000000000000007, "8": NaN, "9": NaN, "10": 1.0, "11": NaN}, "rel_reg_raw_p_vals_1v2": {"0": 0.09105, "1": 0.09105, "2": NaN, "3": 0.08575000000000003, "4": 0.08575000000000003, "5": NaN, "6": 0.34477, "7": 0.34477, "8": NaN, "9": 0.06278, "10": 0.06278, "11": NaN}, "rel_reg_raw_p_vals_1v3": {"0": 0.3472799999999999, "1": NaN, "2": 0.3472799999999999, "3": 0.06505, "4": NaN, "5": 0.06505, "6": 0.0, "7": NaN, "8": 0.0, "9": 0.00245, "10": NaN, "11": 0.00245}, "rel_reg_raw_p_vals_2v3": {"0": NaN, "1": 0.13078999999999993, "2": NaN, "3": NaN, "4": 0.00037, "5": NaN, "6": NaN, "7": 1e-05, "8": NaN, "9": NaN, "10": 0.09348, "11": NaN}, "rel_unexp": {"0": [0.8685390980562698, 0.018557655490048203], "1": [1.194397441446439, 0.04415635156711756], "2": [1.2173038419194189, 0.03517792030553642], "3": [1.2196385798269727, 0.20330098956746287], "4": [1.196485398169568, 0.1696096061418568], "5": [0.1987971386811943, 0.076950738872691], "6": [0.9864259362696605, 0.016418831542261352], "7": [1.4354955775612037, 0.04454449813353256], "8": [1.413626086317748, 0.027203710564644382], "9": [1.831805062783704, 0.35406500071115815], "10": [1.1237766064551995, 0.09517705631364673], "11": [1.0843246166065899, 0.17577267873363708]}, "rel_unexp_p_vals_1v2": {"0": 0.0, "1": 0.0, "2": NaN, "3": 1.0, "4": 1.0, "5": NaN, "6": 0.0, "7": 0.0, "8": NaN, "9": 0.8140799999999999, "10": 0.8140799999999999, "11": NaN}, "rel_unexp_p_vals_1v3": {"0": 0.0, "1": NaN, "2": 0.0, "3": 0.0, "4": NaN, "5": 0.0, "6": 0.0, "7": NaN, "8": 0.0, "9": 1.0, "10": NaN, "11": 1.0}, "rel_unexp_p_vals_2v3": {"0": NaN, "1": 1.0, "2": NaN, "3": NaN, "4": 0.0, "5": NaN, "6": NaN, "7": 1.0, "8": NaN, "9": NaN, "10": 1.0, "11": NaN}, "rel_unexp_raw_p_vals_1v2": {"0": 0.0, "1": 0.0, "2": NaN, "3": 0.46678, "4": 0.46678, "5": NaN, "6": 0.0, "7": 0.0, "8": NaN, "9": 0.01696, "10": 0.01696, "11": NaN}, "rel_unexp_raw_p_vals_1v3": {"0": 0.0, "1": NaN, "2": 0.0, "3": 0.0, "4": NaN, "5": 0.0, "6": 0.0, "7": NaN, "8": 0.0, "9": 0.022330000000000003, "10": NaN, "11": 0.022330000000000003}, "rel_unexp_raw_p_vals_2v3": {"0": NaN, "1": 0.34126000000000006, "2": NaN, "3": NaN, "4": 0.0, "5": NaN, "6": NaN, "7": 0.33565, "8": NaN, "9": NaN, "10": 0.42808, "11": NaN}, "sess_ns": {"0": 1, "1": 2, "2": 3, "3": 1, "4": 2, "5": 3, "6": 1, "7": 2, "8": 3, "9": 1, "10": 2, "11": 3}, "sessids": {"0": [764704289, 826187862], "1": [765193831, 826773996], "2": [766502238, 827833392], "3": [758519303, 761624763, 832883243], "4": [759189643, 761944562, 833704570], "5": [759660390, 762250376, 834403597], "6": [777914830, 823453391, 826338612], "7": [778864809, 824434038, 826819032], "8": [779650018, 825180479, 828816509], "9": [760260459, 777496949, 826659257], "10": [760659782, 778374308, 827300090], "11": [761269197, 779152062, 828475005]}, "twop_fps": {"0": [30.07813959571523, 30.144500357598133], "1": [30.077900889986196, 30.07552112535785], "2": [30.077216948561407, 30.077182971972437], "3": [30.078378454283577, 30.078851569841987, 30.14568495521582], "4": [30.07765930675408, 30.080475663992054, 30.144666915471394], "5": [30.075519139965518, 30.079967716296547, 30.145392035535384], "6": [30.077333414794325, 30.077185948833936, 30.14486573850595], "7": [30.078045202545628, 30.078135089103647, 30.075521692645736], "8": [30.079339019712318, 30.076711414228807, 30.07463607881175], "9": [30.07838602073336, 30.074722190098097, 30.074089746976814], "10": [30.076467628030922, 30.07614866332268, 30.07527829612049], "11": [30.07552041060695, 30.077928262531405, 30.07367587689206]}}, "sesspar": {"closest": false, "incl": "all", "line": "all", "min_rois": 1, "mouse_n": "any", "pass_fail": "P", "plane": "all", "runtype": "prod", "sess_n": [1, 2, 3]}, "stimpar": {"gab_ori": [0, 45, 90, 135, 180, 225], "gabfr": [[0, 1, 2], [3, 4]], "gabk": 16, "post": 0.3, "pre": 0, "stimtype": "gabors", "visflow_dir": "none", "visflow_size": "none"}}
