{"analyspar": {"dend": "extr", "error": "sem", "fluor": "dff", "rem_bad": true, "scale": true, "stats": "mean", "tracked": true}, "basepar": {"baseline": 0}, "extrapar": {"absolute": true, "by_mouse": false, "seed": 905}, "idx_stats_df": {"abs_roi_idx_stats": {"0": [0.30041023675282985, 0.0125871445660722], "1": [0.304336429144456, 0.013815879199996819], "2": [0.36081777012025434, 0.017328473526410048], "3": [0.3015623497513908, 0.014413459772129223], "4": [0.3302221588004598, 0.014803646879648021], "5": [0.3883097191608491, 0.01670688674016672], "6": [0.2304399487506354, 0.0073685706556837795], "7": [0.2189490894315541, 0.00663281201859477], "8": [0.2386626962815228, 0.00753824663827513], "9": [0.2728842073158, 0.020006122402664844], "10": [0.2585230758646432, 0.01604962693637821], "11": [0.23327119525599863, 0.01659308264365069]}, "lines": {"0": "L23-Cux2", "1": "L23-Cux2", "2": "L23-Cux2", "3": "L23-Cux2", "4": "L23-Cux2", "5": "L23-Cux2", "6": "L5-Rbp4", "7": "L5-Rbp4", "8": "L5-Rbp4", "9": "L5-Rbp4", "10": "L5-Rbp4", "11": "L5-Rbp4"}, "mouse_ns": {"0": [6, 9], "1": [6, 9], "2": [6, 9], "3": [1, 3, 13], "4": [1, 3, 13], "5": [1, 3, 13], "6": [8, 11, 10], "7": [8, 11, 10], "8": [8, 11, 10], "9": [4, 7, 12], "10": [4, 7, 12], "11": [4, 7, 12]}, "mouseids": {"0": [413663, 433414], "1": [413663, 433414], "2": [413663, 433414], "3": [408021, 411424, 440889], "4": [408021, 411424, 440889], "5": [408021, 411424, 440889], "6": [420011, 433451, 433448], "7": [420011, 433451, 433448], "8": [420011, 433451, 433448], "9": [411771, 418779, 433458], "10": [411771, 418779, 433458], "11": [411771, 418779, 433458]}, "nrois": {"0": [136, 118], "1": [136, 118], "2": [136, 118], "3": [59, 55, 147], "4": [59, 55, 147], "5": [59, 55, 147], "6": [51, 353, 112], "7": [51, 353, 112], "8": [51, 353, 112], "9": [47, 12, 70], "10": [47, 12, 70], "11": [47, 12, 70]}, "p_vals_1v2": {"0": 1.0, "1": 1.0, "2": NaN, "3": 1.0, "4": 1.0, "5": NaN, "6": 1.0, "7": 1.0, "8": NaN, "9": 1.0, "10": 1.0, "11": NaN}, "p_vals_1v3": {"0": 0.03432000000000016, "1": NaN, "2": 0.03432000000000016, "3": 0.0, "4": NaN, "5": 0.0, "6": 1.0, "7": NaN, "8": 1.0, "9": 1.0, "10": NaN, "11": 1.0}, "p_vals_2v3": {"0": NaN, "1": 0.14687999999999873, "2": NaN, "3": NaN, "4": 0.025920000000000984, "5": NaN, "6": NaN, "7": 0.5877599999999995, "8": NaN, "9": NaN, "10": 1.0, "11": NaN}, "planes": {"0": "dend", "1": "dend", "2": "dend", "3": "soma", "4": "soma", "5": "soma", "6": "dend", "7": "dend", "8": "dend", "9": "soma", "10": "soma", "11": "soma"}, "raw_p_vals_1v2": {"0": 0.4168, "1": 0.4168, "2": NaN, "3": 0.06539999999999992, "4": 0.06539999999999992, "5": NaN, "6": 0.12112, "7": 0.12112, "8": NaN, "9": 0.27888, "10": 0.27888, "11": NaN}, "raw_p_vals_1v3": {"0": 0.0014300000000000068, "1": NaN, "2": 0.0014300000000000068, "3": 0.0, "4": NaN, "5": 0.0, "6": 0.21405000000000002, "7": NaN, "8": 0.21405000000000002, "9": 0.052910000000000006, "10": NaN, "11": 0.052910000000000006}, "raw_p_vals_2v3": {"0": NaN, "1": 0.0061199999999999475, "2": NaN, "3": NaN, "4": 0.001080000000000041, "5": NaN, "6": NaN, "7": 0.02448999999999998, "8": NaN, "9": NaN, "10": 0.12622, "11": NaN}, "sess_ns": {"0": 1, "1": 2, "2": 3, "3": 1, "4": 2, "5": 3, "6": 1, "7": 2, "8": 3, "9": 1, "10": 2, "11": 3}, "sessids": {"0": [764704289, 826187862], "1": [765193831, 826773996], "2": [766502238, 827833392], "3": [758519303, 761624763, 832883243], "4": [759189643, 761944562, 833704570], "5": [759660390, 762250376, 834403597], "6": [777914830, 823453391, 826338612], "7": [778864809, 824434038, 826819032], "8": [779650018, 825180479, 828816509], "9": [760260459, 777496949, 826659257], "10": [760659782, 778374308, 827300090], "11": [761269197, 779152062, 828475005]}, "twop_fps": {"0": [30.07873941279558, 30.145366140617686], "1": [30.0785008642911, 30.07588534608751], "2": [30.077910707737953, 30.077548459271053], "3": [30.078983328254086, 30.07944131878434, 30.1464825439288], "4": [30.078268419466536, 30.081071882218684, 30.145455809449363], "5": [30.076117097066117, 30.080400521971875, 30.146188508189983], "6": [30.07804351704725, 30.07755196550725, 30.145726737715965], "7": [30.0787391265609, 30.078495855224936, 30.075890569375726], "8": [30.07968594989644, 30.077081594670776, 30.075181649653103], "9": [30.078740843969026, 30.075425993793207, 30.074462569813036], "10": [30.077073652096402, 30.076852276633467, 30.07565588465726], "11": [30.076119028981516, 30.078618622247273, 30.074220157768835]}}, "idxpar": {"feature": "unexp_lock", "op": "d-prime", "position": 0}, "permpar": {"multcomp": 12, "n_perms": 100000, "p_val": 0.05, "tails": 2}, "sesspar": {"closest": false, "incl": "all", "line": "all", "min_rois": 1, "mouse_n": "any", "pass_fail": "P", "plane": "all", "runtype": "prod", "sess_n": [1, 2, 3]}, "stimpar": {"gab_ori": "none", "gabfr": "none", "gabk": "none", "post": 2, "pre": 2, "stimtype": "visflow", "visflow_dir": ["right (temp)", "left (nasal)"], "visflow_size": 128}}