{"analyspar": {"dend": "extr", "error": "std", "fluor": "dff", "rem_bad": true, "scale": true, "stats": "mean", "tracked": false}, "basepar": {"baseline": 0}, "extrapar": {"by_mouse": true, "seed": 905}, "idxpar": {"feature": "by_exp", "op": "d-prime", "position": 0}, "perc_sig_df": {"lines": {"0": "L23-Cux2", "1": "L23-Cux2", "2": "L23-Cux2", "3": "L23-Cux2", "4": "L23-Cux2", "5": "L5-Rbp4", "6": "L5-Rbp4", "7": "L5-Rbp4", "8": "L5-Rbp4", "9": "L5-Rbp4", "10": "L5-Rbp4"}, "mouse_ns": {"0": 6, "1": 9, "2": 1, "3": 3, "4": 13, "5": 8, "6": 10, "7": 11, "8": 4, "9": 7, "10": 12}, "mouseids": {"0": 413663, "1": 433414, "2": 408021, "3": 411424, "4": 440889, "5": 420011, "6": 433448, "7": 433451, "8": 411771, "9": 418779, "10": 433458}, "n_pos": {"0": 135, "1": 395, "2": 67, "3": 16, "4": 106, "5": 105, "6": 1114, "7": 205, "8": 55, "9": 3, "10": 59}, "n_signif_hi": {"0": 14, "1": 67, "2": 49, "3": 3, "4": 20, "5": 13, "6": 169, "7": 13, "8": 29, "9": 1, "10": 34}, "n_signif_lo": {"0": 150, "1": 44, "2": 6, "3": 39, "4": 11, "5": 12, "6": 10, "7": 232, "8": 6, "9": 2, "10": 6}, "nrois": {"0": 628, "1": 727, "2": 96, "3": 87, "4": 224, "5": 205, "6": 1636, "7": 966, "8": 90, "9": 15, "10": 99}, "perc_pos_idxs": {"0": 21.496815286624205, "1": 54.33287482806052, "2": 69.79166666666666, "3": 18.39080459770115, "4": 47.32142857142857, "5": 51.21951219512195, "6": 68.09290953545232, "7": 21.22153209109731, "8": 61.111111111111114, "9": 20.0, "10": 59.59595959595959}, "perc_pos_idxs_CIs": {"0": [16.560509554140125, 21.496815286624205, 26.59235668789809], "1": [48.693259972489685, 54.33287482806052, 59.97248968363136], "2": [55.208333333333336, 69.79166666666666, 83.33333333333334], "3": [6.896551724137931, 18.39080459770115, 32.18390804597701], "4": [37.05357142857143, 47.32142857142857, 57.58928571428571], "5": [40.487804878048784, 51.21951219512195, 61.951219512195124], "6": [64.54767726161369, 68.09290953545232, 71.57701711491443], "7": [17.28778467908903, 21.22153209109731, 25.36231884057971], "8": [45.55555555555556, 61.111111111111114, 76.66666666666667], "9": [0.0, 20.0, 53.333333333333336], "10": [44.44444444444444, 59.59595959595959, 74.74747474747475]}, "perc_pos_idxs_null_CIs": {"0": [43.94904458598726, 50.0, 56.05095541401274], "1": [44.29160935350757, 49.93122420907841, 55.70839064649243], "2": [34.375, 50.0, 65.625], "3": [33.33333333333333, 49.42528735632184, 66.66666666666666], "4": [39.732142857142854, 50.0, 60.26785714285714], "5": [39.51219512195122, 49.75609756097561, 60.48780487804878], "6": [46.21026894865526, 50.0, 53.789731051344745], "7": [45.13457556935818, 50.0, 54.865424430641816], "8": [34.44444444444444, 50.0, 65.55555555555556], "9": [13.333333333333334, 53.333333333333336, 86.66666666666667], "10": [34.34343434343434, 49.494949494949495, 65.65656565656566]}, "perc_pos_idxs_p_vals": {"0": 1.8739524967500149e-47, "1": 0.47113159530870563, "2": 0.0029088883654040387, "3": 4.305384677193617e-08, "4": 1.0, "5": 1.0, "6": 4.884981308350689e-15, "7": 2.1159101151882584e-74, "8": 0.5786366328846908, "9": 0.7734375000000003, "10": 1.0}, "perc_pos_idxs_raw_p_vals": {"0": 4.258982947159125e-49, "1": 0.010707536257016037, "2": 6.611109921372815e-05, "3": 9.784965175440039e-10, "4": 0.2312181908655086, "5": 0.3376385657100255, "6": 1.1102230246251565e-16, "7": 4.80888662542786e-76, "8": 0.013150832565561155, "9": 0.017578125000000007, "10": 0.034950286847473144}, "perc_pos_idxs_stds": {"0": 1.6483855014528779, "1": 1.858258760383778, "2": 4.6436975612038465, "3": 4.176444422820815, "4": 3.362985691299504, "5": 3.505191075520306, "6": 1.1555119468144304, "7": 1.3277101260714093, "8": 5.12625360639103, "9": 10.188338235453315, "10": 4.928343913240096}, "perc_sig_hi_idxs": {"0": 2.229299363057325, "1": 9.21595598349381, "2": 51.041666666666664, "3": 3.4482758620689653, "4": 8.928571428571429, "5": 6.341463414634147, "6": 10.330073349633253, "7": 1.3457556935817805, "8": 32.22222222222222, "9": 6.666666666666667, "10": 34.34343434343434}, "perc_sig_hi_idxs_CIs": {"0": [0.6369426751592357, 2.229299363057325, 4.2993630573248405], "1": [6.052269601100413, 9.21595598349381, 12.65474552957359], "2": [35.41666666666667, 51.041666666666664, 66.66666666666666], "3": [0.0, 3.4482758620689653, 10.344827586206897], "4": [3.571428571428571, 8.928571428571429, 15.178571428571427], "5": [1.951219512195122, 6.341463414634147, 12.195121951219512], "6": [8.12958435207824, 10.330073349633253, 12.71393643031785], "7": [0.4140786749482402, 1.3457556935817805, 2.587991718426501], "8": [17.77777777777778, 32.22222222222222, 47.77777777777778], "9": [0.0, 6.666666666666667, 33.33333333333333], "10": [20.2020202020202, 34.34343434343434, 49.494949494949495]}, "perc_sig_hi_idxs_null_CIs": {"0": [0.7961783439490446, 2.547770700636943, 4.617834394904459], "1": [0.9628610729023385, 2.4759284731774414, 4.401650618982118], "2": [0.0, 2.083333333333333, 8.333333333333332], "3": [0.0, 2.2988505747126435, 9.195402298850574], "4": [0.0, 2.232142857142857, 6.25], "5": [0.0, 2.4390243902439024, 6.341463414634147], "6": [1.4058679706601467, 2.506112469437653, 3.728606356968215], "7": [1.1387163561076603, 2.484472049689441, 4.140786749482402], "8": [0.0, 2.2222222222222223, 8.88888888888889], "9": [0.0, 0.0, 20.0], "10": [0.0, 2.0202020202020203, 8.080808080808081]}, "perc_sig_hi_idxs_p_vals": {"0": 1.0, "1": 4.884981308350689e-15, "2": 4.884981308350689e-15, "3": 1.0, "4": 1.2887726488219897e-05, "5": 0.03214558860442995, "6": 4.884981308350689e-15, "7": 0.201935584219188, "8": 4.884981308350689e-15, "9": 1.0, "10": 4.884981308350689e-15}, "perc_sig_hi_idxs_raw_p_vals": {"0": 0.2966669205199177, "1": 1.1102230246251565e-16, "2": 1.1102230246251565e-16, "3": 0.173694702925015, "4": 2.929028747322704e-07, "5": 0.0007305815591915898, "6": 1.1102230246251565e-16, "7": 0.004589445095890637, "8": 1.1102230246251565e-16, "9": 0.052894435373028736, "10": 1.1102230246251565e-16}, "perc_sig_hi_idxs_stds": {"0": 0.5950370143445692, "1": 1.0843167517315537, "2": 5.092554792249758, "3": 1.918094214106663, "4": 1.9049721461352185, "5": 1.6911129993825214, "6": 0.7623233496281057, "7": 0.3706629125678598, "8": 4.89096119715734, "9": 6.321584576319101, "10": 4.7426646425229775}, "perc_sig_lo_idxs": {"0": 23.88535031847134, "1": 6.052269601100413, "2": 6.25, "3": 44.827586206896555, "4": 4.910714285714286, "5": 5.853658536585367, "6": 0.6112469437652812, "7": 24.016563146997928, "8": 6.666666666666667, "9": 13.333333333333334, "10": 6.0606060606060606}, "perc_sig_lo_idxs_CIs": {"0": [18.789808917197455, 23.88535031847134, 29.14012738853503], "1": [3.576341127922971, 6.052269601100413, 8.940852819807429], "2": [0.0, 6.25, 14.583333333333334], "3": [28.735632183908045, 44.827586206896555, 60.91954022988506], "4": [1.3392857142857142, 4.910714285714286, 9.821428571428571], "5": [1.4634146341463417, 5.853658536585367, 11.219512195121952], "6": [0.12224938875305623, 0.6112469437652812, 1.2836185819070904], "7": [19.875776397515526, 24.016563146997928, 28.26086956521739], "8": [0.0, 6.666666666666667, 15.555555555555555], "9": [0.0, 13.333333333333334, 46.666666666666664], "10": [0.0, 6.0606060606060606, 14.14141414141414]}, "perc_sig_lo_idxs_null_CIs": {"0": [0.7961783439490446, 2.547770700636943, 4.617834394904459], "1": [0.9628610729023385, 2.4759284731774414, 4.401650618982118], "2": [0.0, 2.083333333333333, 8.333333333333332], "3": [0.0, 2.2988505747126435, 9.195402298850574], "4": [0.0, 2.232142857142857, 6.25], "5": [0.0, 2.4390243902439024, 6.341463414634147], "6": [1.4058679706601467, 2.506112469437653, 3.728606356968215], "7": [1.1387163561076603, 2.484472049689441, 4.140786749482402], "8": [0.0, 2.2222222222222223, 8.88888888888889], "9": [0.0, 0.0, 20.0], "10": [0.0, 2.0202020202020203, 8.080808080808081]}, "perc_sig_lo_idxs_p_vals": {"0": 4.884981308350689e-15, "1": 2.2056343582654847e-06, "2": 0.4629183458876418, "3": 4.884981308350689e-15, "4": 0.5032086266025204,