{"analyspar": {"dend": "extr", "error": "sem", "fluor": "dff", "rem_bad": true, "scale": false, "stats": "mean", "tracked": true}, "extrapar": {"rel_sess": 1, "seed": 905}, "permpar": {"multcomp": 24, "n_perms": 100000, "p_val": 0.05, "tails": 2}, "rel_resp_df": {"lines": {"0": "L23-Cux2", "1": "L23-Cux2", "2": "L23-Cux2", "3": "L23-Cux2", "4": "L23-Cux2", "5": "L23-Cux2", "6": "L5-Rbp4", "7": "L5-Rbp4", "8": "L5-Rbp4", "9": "L5-Rbp4", "10": "L5-Rbp4", "11": "L5-Rbp4"}, "mouse_ns": {"0": [6, 9], "1": [6, 9], "2": [6, 9], "3": [1, 3, 13], "4": [1, 3, 13], "5": [1, 3, 13], "6": [8, 11, 10], "7": [8, 11, 10], "8": [8, 11, 10], "9": [4, 7, 12], "10": [4, 7, 12], "11": [4, 7, 12]}, "mouseids": {"0": [413663, 433414], "1": [413663, 433414], "2": [413663, 433414], "3": [408021, 411424, 440889], "4": [408021, 411424, 440889], "5": [408021, 411424, 440889], "6": [420011, 433451, 433448], "7": [420011, 433451, 433448], "8": [420011, 433451, 433448], "9": [411771, 418779, 433458], "10": [411771, 418779, 433458], "11": [411771, 418779, 433458]}, "nrois": {"0": [136, 118], "1": [136, 118], "2": [136, 118], "3": [59, 55, 147], "4": [59, 55, 147], "5": [59, 55, 147], "6": [51, 353, 112], "7": [51, 353, 112], "8": [51, 353, 112], "9": [47, 12, 70], "10": [47, 12, 70], "11": [47, 12, 70]}, "planes": {"0": "dend", "1": "dend", "2": "dend", "3": "soma", "4": "soma", "5": "soma", "6": "dend", "7": "dend", "8": "dend", "9": "soma", "10": "soma", "11": "soma"}, "rel_reg": {"0": [1.0, 0.07953455619773052], "1": [1.0783981829146279, 0.07221576013978266], "2": [1.2346651853544315, 0.06786305288947765], "3": [1.0, 0.13135802995472787], "4": [1.0701954310220374, 0.11496382839701091], "5": [0.7589974578151568, 0.08822988802245045], "6": [1.0, 0.03985274824539449], "7": [0.9887096498876462, 0.03181914492815684], "8": [0.852169996630047, 0.03515543708094636], "9": [1.0, 0.13309212830510134], "10": [0.7667702512434053, 0.10742634705606145], "11": [0.5859278878962857, 0.11520414526010098]}, "rel_reg_p_vals_1v2": {"0": 1.0, "1": 1.0, "2": NaN, "3": 1.0, "4": 1.0, "5": NaN, "6": 1.0, "7": 1.0, "8": NaN, "9": 1.0, "10": 1.0, "11": NaN}, "rel_reg_p_vals_1v3": {"0": 0.2150399999999968, "1": NaN, "2": 0.2150399999999968, "3": 0.30192, "4": NaN, "5": 0.30192, "6": 0.0504, "7": NaN, "8": 0.0504, "9": 0.0009600000000000001, "10": NaN, "11": 0.0009600000000000001}, "rel_reg_p_vals_2v3": {"0": NaN, "1": 1.0, "2": NaN, "3": NaN, "4": 0.0, "5": NaN, "6": NaN, "7": 0.006240000000000001, "8": NaN, "9": NaN, "10": 1.0, "11": NaN}, "rel_reg_raw_p_vals_1v2": {"0": 0.15320999999999999, "1": 0.15320999999999999, "2": NaN, "3": 0.265, "4": 0.265, "5": NaN, "6": 0.4052, "7": 0.4052, "8": NaN, "9": 0.02947, "10": 0.02947, "11": NaN}, "rel_reg_raw_p_vals_1v3": {"0": 0.004479999999999933, "1": NaN, "2": 0.004479999999999933, "3": 0.0062900000000000005, "4": NaN, "5": 0.0062900000000000005, "6": 0.00105, "7": NaN, "8": 0.00105, "9": 2e-05, "10": NaN, "11": 2e-05}, "rel_reg_raw_p_vals_2v3": {"0": NaN, "1": 0.02263999999999996, "2": NaN, "3": NaN, "4": 0.0, "5": NaN, "6": NaN, "7": 0.00013000000000000002, "8": NaN, "9": NaN, "10": 0.03871, "11": NaN}, "rel_unexp": {"0": [0.8804100768921376, 0.047236367121229916], "1": [1.207606088734608, 0.07582738004751242], "2": [1.186662735554776, 0.06621634365949586], "3": [1.1801564160177604, 0.22725320174434596], "4": [1.1506367406654325, 0.1867394174538656], "5": [0.2669902226361772, 0.0828707639731697], "6": [0.7796174467630856, 0.03008039952854517], "7": [1.6258731617640387, 0.09749541348021683], "8": [1.4656868025399314, 0.041913114768533655], "9": [1.9520104248211234, 0.4097672640571164], "10": [1.0358445387912183, 0.10661822015697574], "11": [0.9970297741681889, 0.18879342287078535]}, "rel_unexp_p_vals_1v2": {"0": 0.002880000000000109, "1": 0.002880000000000109, "2": NaN, "3": 1.0, "4": 1.0, "5": NaN, "6": 0.0, "7": 0.0, "8": NaN, "9": 0.13632000000000002, "10": 0.13632000000000002, "11": NaN}, "rel_unexp_p_vals_1v3": {"0": 0.0, "1": NaN, "2": 0.0, "3": 0.0, "4": NaN, "5": 0.0, "6": 0.0, "7": NaN, "8": 0.0, "9": 0.0, "10": NaN, "11": 0.0}, "rel_unexp_p_vals_2v3": {"0": NaN, "1": 1.0, "2": NaN, "3": NaN, "4": 0.0, "5": NaN, "6": NaN, "7": 1.0, "8": NaN, "9": NaN, "10": 1.0, "11": NaN}, "rel_unexp_raw_p_vals_1v2": {"0": 6.000000000000227e-05, "1": 6.000000000000227e-05, "2": NaN, "3": 0.45308, "4": 0.45308, "5": NaN, "6": 0.0, "7": 0.0, "8": NaN, "9": 0.0028400000000000005, "10": 0.0028400000000000005, "11": NaN}, "rel_unexp_raw_p_vals_1v3": {"0": 0.0, "1": NaN, "2": 0.0, "3": 0.0, "4": NaN, "5": 0.0, "6": 0.0, "7": NaN, "8": 0.0, "9": 0.0, "10": NaN, "11": 0.0}, "rel_unexp_raw_p_vals_2v3": {"0": NaN, "1": 0.39917, "2": NaN, "3": NaN, "4": 0.0, "5": NaN, "6": NaN, "7": 0.028050000000000002, "8": NaN, "9": NaN, "10": 0.42389000000000004, "11": NaN}, "sess_ns": {"0": 1, "1": 2, "2": 3, "3": 1, "4": 2, "5": 3, "6": 1, "7": 2, "8": 3, "9": 1, "10": 2, "11": 3}, "sessids": {"0": [764704289, 826187862], "1": [765193831, 826773996], "2": [766502238, 827833392], "3": [758519303, 761624763, 832883243], "4": [759189643, 761944562, 833704570], "5": [759660390, 762250376, 834403597], "6": [777914830, 823453391, 826338612], "7": [778864809, 824434038, 826819032], "8": [779650018, 825180479, 828816509], "9": [760260459, 777496949, 826659257], "10": [760659782, 778374308, 827300090], "11": [761269197, 779152062, 828475005]}, "twop_fps": {"0": [30.07873941279558, 30.145366140617686], "1": [30.0785008642911, 30.07588534608751], "2": [30.077910707737953, 30.077548459271053], "3": [30.078983328254086, 30.07944131878434, 30.1464825439288], "4": [30.078268419466536, 30.081071882218684, 30.145455809449363], "5": [30.076117097066117, 30.080400521971875, 30.146188508189983], "6": [30.07804351704725, 30.07755196550725, 30.145726737715965], "7": [30.0787391265609, 30.078495855224936, 30.075890569375726], "8": [30.07968594989644, 30.077081594670776, 30.075181649653103], "9": [30.078740843969026, 30.075425993793207, 30.074462569813036], "10": [30.077073652096402, 30.076852276633467, 30.07565588465726], "11": [30.076119028981516, 30.078618622247273, 30.074220157768835]}}, "sesspar": {"closest": false, "incl": "all", "line": "all", "min_rois": 1, "mouse_n": "any", "pass_fail": "P", "plane": "all", "runtype": "prod", "sess_n": [1, 2, 3]}, "stimpar": {"gab_ori": [0, 45, 90, 135, 180, 225], "gabfr": [[0, 1, 2], [3, 4]], "gabk": 16, "post": 0.3, "pre": 0, "stimtype": "gabors", "visflow_dir": "none", "visflow_size": "none"}}