{"analyspar": {"dend": "extr", "error": "std", "fluor": "dff", "rem_bad": true, "scale": true, "stats": "mean", "tracked": true}, "basepar": {"baseline": 0}, "extrapar": {"consec_only": true, "corr_type": "corr", "permute": "tracking", "seed": 905, "sig_only": false}, "idx_corr_df": {"1v2_corr_stds": {"0": 0.06217122086062905, "1": 0.05211693787430953, "2": 0.04350726231728072, "3": 0.09478742755630434}, "1v2_corrs": {"0": 0.051318738669021, "1": 0.2999774080100147, "2": 0.06295124293999216, "3": 0.2064626814161122}, "1v2_null_CIs": {"0": [-0.15688782908539137, -8.511273822496256e-05, 0.2707605174607205], "1": [-0.1554436321821338, 0.00037816671107613806, 0.251410385874817], "2": [-0.10967327262644634, 3.0112550864071903e-05, 0.184599380351435], "3": [-0.2201178080684396, 0.0005221288997682824, 0.35401534297310905]}, "1v2_p_vals": {"0": 1.0, "1": 1.0, "2": 1.0, "3": 1.0}, "1v2_raw_p_vals": {"0": 0.79283, "1": 1.0, "2": 0.92179, "3": 0.99051}, "2v3_corr_stds": {"0": 0.061804403130946366, "1": 0.05985156550959405, "2": 0.042229554505538856, "3": 0.07405055952323607}, "2v3_corrs": {"0": 0.049575399782618795, "1": 0.3657133966723523, "2": -0.044341426404981524, "3": 0.30477160008997806}, "2v3_null_CIs": {"0": [-0.157319230528101, 3.0421619723550823e-05, 0.26901770843150347], "1": [-0.15381094813784718, 0.0001274369284981753, 0.28573344345942814], "2": [-0.11172993723735429, -0.00018482430854007098, 0.18948922565673063], "3": [-0.21939518058228838, -8.395158463155384e-05, 0.37349327164469265]}, "2v3_p_vals": {"0": 1.0, "1": 1.0, "2": 1.0, "3": 1.0}, "2v3_raw_p_vals": {"0": 0.78416, "1": 1.0, "2": 0.15903, "3": 0.99979}, "lines": {"0": "L23-Cux2", "1": "L23-Cux2", "2": "L5-Rbp4", "3": "L5-Rbp4"}, "mouse_ns": {"0": [6, 9], "1": [1, 3, 13], "2": [8, 11, 10], "3": [4, 7, 12]}, "mouseids": {"0": [413663, 433414], "1": [408021, 411424, 440889], "2": [420011, 433451, 433448], "3": [411771, 418779, 433458]}, "nrois": {"0": [[136, 118], [136, 118], [136, 118]], "1": [[59, 55, 147], [59, 55, 147], [59, 55, 147]], "2": [[51, 353, 112], [51, 353, 112], [51, 353, 112]], "3": [[47, 12, 70], [47, 12, 70], [47, 12, 70]]}, "planes": {"0": "dend", "1": "soma", "2": "dend", "3": "soma"}, "sess_ns": {"0": [1, 2, 3], "1": [1, 2, 3], "2": [1, 2, 3], "3": [1, 2, 3]}, "sessids": {"0": [[764704289, 826187862], [765193831, 826773996], [766502238, 827833392]], "1": [[758519303, 761624763, 832883243], [759189643, 761944562, 833704570], [759660390, 762250376, 834403597]], "2": [[777914830, 823453391, 826338612], [778864809, 824434038, 826819032], [779650018, 825180479, 828816509]], "3": [[760260459, 777496949, 826659257], [760659782, 778374308, 827300090], [761269197, 779152062, 828475005]]}, "twop_fps": {"0": [[30.07813959571523, 30.144500357598133], [30.077900889986196, 30.07552112535785], [30.077216948561407, 30.077182971972437]], "1": [[30.078378454283577, 30.078851569841987, 30.14568495521582], [30.07765930675408, 30.080475663992054, 30.144666915471394], [30.075519139965518, 30.079967716296547, 30.145392035535384]], "2": [[30.077333414794325, 30.077185948833936, 30.14486573850595], [30.078045202545628, 30.078135089103647, 30.075521692645736], [30.079339019712318, 30.076711414228807, 30.07463607881175]], "3": [[30.07838602073336, 30.074722190098097, 30.074089746976814], [30.076467628030922, 30.07614866332268, 30.07527829612049], [30.07552041060695, 30.077928262531405, 30.07367587689206]]}}, "idxpar": {"feature": "unexp_lock", "op": "d-prime", "position": 0}, "permpar": {"multcomp": 8, "n_perms": 100000, "p_val": 0.05, "tails": "lo"}, "sesspar": {"closest": false, "incl": "all", "line": "all", "min_rois": 1, "mouse_n": "any", "pass_fail": "P", "plane": "all", "runtype": "prod", "sess_n": [1, 2, 3]}, "stimpar": {"gab_ori": "none", "gabfr": "none", "gabk": "none", "post": 2, "pre": 2, "stimtype": "visflow", "visflow_dir": ["right (temp)", "left (nasal)"], "visflow_size": 128}}