{"analyspar": {"dend": "extr", "error": "std", "fluor": "dff", "rem_bad": true, "scale": true, "stats": "mean", "tracked": true}, "basepar": {"baseline": 0}, "extrapar": {"consec_only": true, "corr_type": "corr", "permute": "tracking", "seed": 905, "sig_only": false}, "idx_corr_df": {"1v2_corr_stds": {"0": 0.06217122086062905, "1": 0.05211693787430953, "2": 0.043507262317280714, "3": 0.09478742755630434}, "1v2_corrs": {"0": 0.05131873866902102, "1": 0.29997740801001477, "2": 0.06295124293999224, "3": 0.20646268141611226}, "1v2_null_CIs": {"0": [-0.1568878290853914, -8.511273822490632e-05, 0.27076051746072044], "1": [-0.1554436321821338, 0.0003781667110761522, 0.25141038587481696], "2": [-0.10967327262644637, 3.0112550864027054e-05, 0.184599380351435], "3": [-0.2201178080684398, 0.0005221288997682444, 0.35401534297310905]}, "1v2_p_vals": {"0": 1.0, "1": 1.0, "2": 1.0, "3": 1.0}, "1v2_raw_p_vals": {"0": 0.79283, "1": 1.0, "2": 0.92179, "3": 0.99051}, "2v3_corr_stds": {"0": 0.061804403130946366, "1": 0.05985156550959406, "2": 0.042229554505538856, "3": 0.07405055952323607}, "2v3_corrs": {"0": 0.049575399782618865, "1": 0.36571339667235236, "2": -0.04434142640498155, "3": 0.304771600089978}, "2v3_null_CIs": {"0": [-0.15731923052810112, 3.0421619723553533e-05, 0.2690177084315035], "1": [-0.1538109481378472, 0.00012743692849818766, 0.28573344345942814], "2": [-0.11172993723735429, -0.0001848243085400851, 0.18948922565673057], "3": [-0.21939518058228832, -8.395158463156416e-05, 0.3734932716446927]}, "2v3_p_vals": {"0": 1.0, "1": 1.0, "2": 1.0, "3": 1.0}, "2v3_raw_p_vals": {"0": 0.78416, "1": 1.0, "2": 0.15903, "3": 0.99979}, "lines": {"0": "L23-Cux2", "1": "L23-Cux2", "2": "L5-Rbp4", "3": "L5-Rbp4"}, "mouse_ns": {"0": [6, 9], "1": [1, 3, 13], "2": [8, 11, 10], "3": [4, 7, 12]}, "mouseids": {"0": [413663, 433414], "1": [408021, 411424, 440889], "2": [420011, 433451, 433448], "3": [411771, 418779, 433458]}, "nrois": {"0": [[136, 118], [136, 118], [136, 118]], "1": [[59, 55, 147], [59, 55, 147], [59, 55, 147]], "2": [[51, 353, 112], [51, 353, 112], [51, 353, 112]], "3": [[47, 12, 70], [47, 12, 70], [47, 12, 70]]}, "planes": {"0": "dend", "1": "soma", "2": "dend", "3": "soma"}, "sess_ns": {"0": [1, 2, 3], "1": [1, 2, 3], "2": [1, 2, 3], "3": [1, 2, 3]}, "sessids": {"0": [[764704289, 826187862], [765193831, 826773996], [766502238, 827833392]], "1": [[758519303, 761624763, 832883243], [759189643, 761944562, 833704570], [759660390, 762250376, 834403597]], "2": [[777914830, 823453391, 826338612], [778864809, 824434038, 826819032], [779650018, 825180479, 828816509]], "3": [[760260459, 777496949, 826659257], [760659782, 778374308, 827300090], [761269197, 779152062, 828475005]]}, "twop_fps": {"0": [[30.07873941279558, 30.145366140617686], [30.0785008642911, 30.07588534608751], [30.077910707737953, 30.077548459271053]], "1": [[30.078983328254086, 30.07944131878434, 30.1464825439288], [30.078268419466536, 30.081071882218684, 30.145455809449363], [30.076117097066117, 30.080400521971875, 30.146188508189983]], "2": [[30.07804351704725, 30.07755196550725, 30.145726737715965], [30.0787391265609, 30.078495855224936, 30.075890569375726], [30.07968594989644, 30.077081594670776, 30.075181649653103]], "3": [[30.078740843969026, 30.075425993793207, 30.074462569813036], [30.077073652096402, 30.076852276633467, 30.07565588465726], [30.076119028981516, 30.078618622247273, 30.074220157768835]]}}, "idxpar": {"feature": "unexp_lock", "op": "d-prime", "position": 0}, "permpar": {"multcomp": 8, "n_perms": 100000, "p_val": 0.05, "tails": "lo"}, "sesspar": {"closest": false, "incl": "all", "line": "all", "min_rois": 1, "mouse_n": "any", "pass_fail": "P", "plane": "all", "runtype": "prod", "sess_n": [1, 2, 3]}, "stimpar": {"gab_ori": "none", "gabfr": "none", "gabk": "none", "post": 2, "pre": 2, "stimtype": "visflow", "visflow_dir": ["right (temp)", "left (nasal)"], "visflow_size": 128}}