{"analyspar": {"dend": "extr", "error": "sem", "fluor": "dff", "remnans": true, "scale": false, "stats": "mean", "tracked": false}, "extrapar": {"rel_sess": 1, "seed": 905}, "permpar": {"multcomp": 24, "n_perms": 100000, "p_val": 0.05, "tails": 2}, "rel_resp_df": {"lines": {"0": "L23-Cux2", "1": "L23-Cux2", "2": "L23-Cux2", "3": "L23-Cux2", "4": "L23-Cux2", "5": "L23-Cux2", "6": "L5-Rbp4", "7": "L5-Rbp4", "8": "L5-Rbp4", "9": "L5-Rbp4", "10": "L5-Rbp4", "11": "L5-Rbp4"}, "mouse_ns": {"0": [6, 9], "1": [6, 9], "2": [6, 9], "3": [1, 3, 13], "4": [1, 3, 13], "5": [1, 3, 13], "6": [8, 11, 10], "7": [8, 11, 10], "8": [8, 11, 10], "9": [4, 7, 12], "10": [4, 7, 12], "11": [4, 7, 12]}, "mouseids": {"0": [413663, 433414], "1": [413663, 433414], "2": [413663, 433414], "3": [408021, 411424, 440889], "4": [408021, 411424, 440889], "5": [408021, 411424, 440889], "6": [420011, 433451, 433448], "7": [420011, 433451, 433448], "8": [420011, 433451, 433448], "9": [411771, 418779, 433458], "10": [411771, 418779, 433458], "11": [411771, 418779, 433458]}, "nrois": {"0": [628, 727], "1": [348, 300], "2": [512, 333], "3": [96, 87, 224], "4": [74, 90, 224], "5": [107, 80, 210], "6": [205, 966, 1636], "7": [159, 1029, 445], "8": [182, 986, 496], "9": [90, 15, 99], "10": [70, 26, 87], "11": [79, 29, 97]}, "planes": {"0": "dend", "1": "dend", "2": "dend", "3": "soma", "4": "soma", "5": "soma", "6": "dend", "7": "dend", "8": "dend", "9": "soma", "10": "soma", "11": "soma"}, "rel_exp": {"0": [1.0, 0.016490605361189428], "1": [0.9256303799356953, 0.021025392108170084], "2": [0.9241055751116765, 0.021637226393364538], "3": [0.9999999999999997, 0.09586852043366224], "4": [0.971475037629533, 0.10111213935682796], "5": [0.8321200064995314, 0.0840539325926281], "6": [1.0, 0.014620070633538576], "7": [0.8698901414986359, 0.01636139752826745], "8": [0.89806410541119, 0.018262431968347544], "9": [1.0, 0.08447581342857861], "10": [0.6911093308466655, 0.05880960977212696], "11": [0.8256792312484434, 0.06885298877449193]}, "rel_exp_p_vals_1v2": {"0": 0.15168, "1": 0.15168, "2": NaN, "3": 1.0, "4": 1.0, "5": NaN, "6": 0.0, "7": 0.0, "8": NaN, "9": 0.07152, "10": 0.07152, "11": NaN}, "rel_exp_p_vals_1v3": {"0": 0.09504, "1": NaN, "2": 0.09504, "3": 1.0, "4": NaN, "5": 1.0, "6": 0.0, "7": NaN, "8": 0.0, "9": 1.0, "10": NaN, "11": 1.0}, "rel_exp_p_vals_2v3": {"0": NaN, "1": 1.0, "2": NaN, "3": NaN, "4": 1.0, "5": NaN, "6": NaN, "7": 1.0, "8": NaN, "9": NaN, "10": 1.0, "11": NaN}, "rel_exp_raw_p_vals_1v2": {"0": 0.00316, "1": 0.00316, "2": NaN, "3": 0.42056, "4": 0.42056, "5": NaN, "6": 0.0, "7": 0.0, "8": NaN, "9": 0.00149, "10": 0.00149, "11": NaN}, "rel_exp_raw_p_vals_1v3": {"0": 0.00198, "1": NaN, "2": 0.00198, "3": 0.09481, "4": NaN, "5": 0.09481, "6": 0.0, "7": NaN, "8": 0.0, "9": 0.05565, "10": NaN, "11": 0.05565}, "rel_exp_raw_p_vals_2v3": {"0": NaN, "1": 0.47811, "2": NaN, "3": NaN, "4": 0.14866, "5": NaN, "6": NaN, "7": 0.12572000000000003, "8": NaN, "9": NaN, "10": 0.07067000000000007, "11": NaN}, "rel_unexp": {"0": [1.176558908278734, 0.021149614310455367], "1": [1.1105632112966173, 0.026696621133629403], "2": [1.2798368927135613, 0.0350246317768351], "3": [1.3168323368282133, 0.1317241774796925], "4": [1.2835796922284277, 0.12750728979205223], "5": [1.231989920927561, 0.1377124642416557], "6": [0.9648199477315454, 0.01555469525659738], "7": [0.8266549709005846, 0.017282579380601532], "8": [0.8898700650680623, 0.019110074309607268], "9": [0.9641964990784272, 0.09446033166408682], "10": [0.6325779844751738, 0.05885747067985181], "11": [0.8537631644650566, 0.07957106283540222]}, "rel_unexp_p_vals_1v2": {"0": 1.0, "1": 1.0, "2": NaN, "3": 1.0, "4": 1.0, "5": NaN, "6": 0.0, "7": 0.0, "8": NaN, "9": 0.06719999999999998, "10": 0.06719999999999998, "11": NaN}, "rel_unexp_p_vals_1v3": {"0": 0.18480000000000246, "1": NaN, "2": 0.18480000000000246, "3": 1.0, "4": NaN, "5": 1.0, "6": 0.057120000000000004, "7": NaN, "8": 0.057120000000000004, "9": 1.0, "10": NaN, "11": 1.0}, "rel_unexp_p_vals_2v3": {"0": NaN, "1": 0.002880000000000109, "2": NaN, "3": NaN, "4": 1.0, "5": NaN, "6": NaN, "7": 0.3436800000000039, "8": NaN, "9": NaN, "10": 0.6211199999999986, "11": NaN}, "rel_unexp_raw_p_vals_1v2": {"0": 0.03153, "1": 0.03153, "2": NaN, "3": 0.43128, "4": 0.43128, "5": NaN, "6": 0.0, "7": 0.0, "8": NaN, "9": 0.0013999999999999998, "10": 0.0013999999999999998, "11": NaN}, "rel_unexp_raw_p_vals_1v3": {"0": 0.0038500000000000513, "1": NaN, "2": 0.0038500000000000513, "3": 0.33094999999999997, "4": NaN, "5": 0.33094999999999997, "6": 0.00119, "7": NaN, "8": 0.00119, "9": 0.18619, "10": NaN, "11": 0.18619}, "rel_unexp_raw_p_vals_2v3": {"0": NaN, "1": 6.000000000000227e-05, "2": NaN, "3": NaN, "4": 0.39531, "5": NaN, "6": NaN, "7": 0.007160000000000082, "8": NaN, "9": NaN, "10": 0.012939999999999969, "11": NaN}, "sess_ns": {"0": 1, "1": 2, "2": 3, "3": 1, "4": 2, "5": 3, "6": 1, "7": 2, "8": 3, "9": 1, "10": 2, "11": 3}, "sessids": {"0": [764704289, 826187862], "1": [765193831, 826773996], "2": [766502238, 827833392], "3": [758519303, 761624763, 832883243], "4": [759189643, 761944562, 833704570], "5": [759660390, 762250376, 834403597], "6": [777914830, 823453391, 826338612], "7": [778864809, 824434038, 826819032], "8": [779650018, 825180479, 828816509], "9": [760260459, 777496949, 826659257], "10": [760659782, 778374308, 827300090], "11": [761269197, 779152062, 828475005]}, "twop_fps": {"0": [30.07813959571523, 30.144500357598133], "1": [30.077900889986196, 30.07552112535785], "2": [30.077216948561407, 30.077182971972437], "3": [30.078378454283577, 30.078851569841987, 30.14568495521582], "4": [30.07765930675408, 30.080475663992054, 30.144666915471394], "5": [30.075519139965518, 30.079967716296547, 30.145392035535384], "6": [30.077333414794325, 30.077185948833936, 30.14486573850595], "7": [30.078045202545628, 30.078135089103647, 30.075521692645736], "8": [30.079339019712318, 30.076711414228807, 30.07463607881175], "9": [30.07838602073336, 30.074722190098097, 30.074089746976814], "10": [30.076467628030922, 30.07614866332268, 30.07527829612049], "11": [30.07552041060695, 30.077928262531405, 30.07367587689206]}}, "sesspar": {"closest": false, "incl": "all", "line": "all", "min_rois": 1, "mouse_n": "any", "pass_fail": "P", "plane": "all", "runtype": "prod", "sess_n": [1, 2, 3]}, "stimpar": {"gab_ori": "none", "gabfr": "none", "gabk": "none", "post": 1, "pre": 0, "stimtype": "visflow", "visflow_dir": ["right (temp)", "left (nasal)"], "visflow_size": 128}}