{"analyspar": {"dend": "extr", "error": "sem", "fluor": "dff", "rem_bad": true, "scale": true, "stats": "mean", "tracked": false}, "basepar": {"baseline": 0}, "extrapar": {"n_bins": 40, "seed": 905}, "idx_df": {"CI_edges": {"0": [-0.20882343581021917, 0.19917109442315326], "1": [-0.20925040326618968, 0.1885061228826445], "2": [-0.20515367401118845, 0.18881643242240242], "3": [-0.21469659917757708, 0.19116404209263063]}, "CI_perc": {"0": [2.5, 97.5], "1": [2.5, 97.5], "2": [2.5, 97.5], "3": [2.5, 97.5]}, "bin_edges": {"0": [-0.6482445900305863, 0.5054121377546557], "1": [-0.8367013715295581, 0.9038038428182912], "2": [-0.8736054084199456, 0.6163161278003286], "3": [-0.5906205475146604, 1.787521071360717]}, "lines": {"0": "L23-Cux2", "1": "L23-Cux2", "2": "L5-Rbp4", "3": "L5-Rbp4"}, "mouse_ns": {"0": [6, 9], "1": [1, 3, 13], "2": [8, 11, 10], "3": [4, 7, 12]}, "mouseids": {"0": [413663, 433414], "1": [408021, 411424, 440889], "2": [420011, 433451, 433448], "3": [411771, 418779, 433458]}, "n_pos": {"0": 530, "1": 189, "2": 1424, "3": 117}, "n_signif_hi": {"0": 83, "1": 71, "2": 192, "3": 64}, "n_signif_lo": {"0": 196, "1": 57, "2": 255, "3": 14}, "nrois": {"0": [628, 727], "1": [96, 87, 224], "2": [205, 966, 1636], "3": [90, 15, 99]}, "perc_idx_binned": {"0": [0.14464944649446496, 0.045756457564575644, 0.03690036900369004, 0.028044280442804426, 0.043542435424354244, 0.03468634686346864, 0.023616236162361623, 0.01992619926199262, 0.017712177121771217, 0.017712177121771217, 0.023616236162361623, 0.013284132841328414, 0.01992619926199262, 0.01918819188191882, 0.01845018450184502, 0.016974169741697416, 0.025092250922509225, 0.01845018450184502, 0.01107011070110701, 0.024354243542435424, 0.02214022140221402, 0.016974169741697416, 0.01918819188191882, 0.010332103321033211, 0.011808118081180811, 0.016974169741697416, 0.010332103321033211, 0.01992619926199262, 0.021402214022140223, 0.01845018450184502, 0.01107011070110701, 0.012546125461254613, 0.016974169741697416, 0.01845018450184502, 0.020664206642066422, 0.02214022140221402, 0.021402214022140223, 0.016974169741697416, 0.028044280442804426, 0.061254612546125464], "1": [0.14004914004914004, 0.044226044226044224, 0.02702702702702703, 0.014742014742014743, 0.03194103194103194, 0.0171990171990172, 0.02457002457002457, 0.022113022113022112, 0.022113022113022112, 0.019656019656019656, 0.009828009828009828, 0.0171990171990172, 0.012285012285012284, 0.012285012285012284, 0.014742014742014743, 0.02702702702702703, 0.014742014742014743, 0.009828009828009828, 0.014742014742014743, 0.014742014742014743, 0.012285012285012284, 0.014742014742014743, 0.02457002457002457, 0.009828009828009828, 0.0171990171990172, 0.009828009828009828, 0.019656019656019656, 0.0, 0.012285012285012284, 0.012285012285012284, 0.019656019656019656, 0.022113022113022112, 0.019656019656019656, 0.007371007371007371, 0.012285012285012284, 0.0171990171990172, 0.02702702702702703, 0.029484029484029485, 0.02702702702702703, 0.17444717444717445], "2": [0.09084431777698611, 0.025293908086925544, 0.021375133594584966, 0.018881368008550052, 0.025293908086925544, 0.022443890274314215, 0.019593872461702886, 0.016743854649091557, 0.01923762023512647, 0.014962593516209476, 0.01816886355539722, 0.020306376914855716, 0.023156394727467045, 0.01282508015675098, 0.016031350195938723, 0.017100106875667972, 0.018881368008550052, 0.016743854649091557, 0.017100106875667972, 0.020662629141432135, 0.020662629141432135, 0.021375133594584966, 0.02101888136800855, 0.026362664766654793, 0.020662629141432135, 0.025293908086925544, 0.0220876380477378, 0.018881368008550052, 0.018525115781973637, 0.02386889918061988, 0.026362664766654793, 0.030281439258995367, 0.02280014250089063, 0.030281439258995367, 0.026362664766654793, 0.029925187032418952, 0.02386889918061988, 0.031350195938724616, 0.03562522265764161, 0.0687566797292483], "3": [0.06862745098039216, 0.0196078431372549, 0.014705882352941176, 0.00980392156862745, 0.014705882352941176, 0.00980392156862745, 0.024509803921568627, 0.029411764705882353, 0.004901960784313725, 0.00980392156862745, 0.029411764705882353, 0.014705882352941176, 0.0196078431372549, 0.0196078431372549, 0.0196078431372549, 0.014705882352941176, 0.014705882352941176, 0.024509803921568627, 0.014705882352941176, 0.014705882352941176, 0.014705882352941176, 0.0, 0.004901960784313725, 0.03431372549019608, 0.024509803921568627, 0.014705882352941176, 0.014705882352941176, 0.00980392156862745, 0.014705882352941176, 0.03431372549019608, 0.00980392156862745, 0.004901960784313725, 0.0, 0.004901960784313725, 0.004901960784313725, 0.029411764705882353, 0.004901960784313725, 0.03431372549019608, 0.03431372549019608, 0.3137254901960784]}, "planes": {"0": "dend", "1": "soma", "2": "dend", "3": "soma"}, "rand_idx_binned": {"0": [0.0, 0.0, 0.0, 1.4760147601476014e-07, 1.6236162361623616e-06, 2.361623616236162e-06, 7.527675276752767e-06, 2.7749077490774907e-05, 8.162361623616236e-05, 0.0002026568265682657, 0.0005340221402214022, 0.0012614022140221403, 0.0028125461254612546, 0.005679114391143911, 0.010811512915129152, 0.01876339483394834, 0.030127675276752766, 0.044991439114391144, 0.062238671586715866, 0.07997963099630996, 0.09502007380073801, 0.1054960885608856, 0.10857490774907749, 0.10420738007380073, 0.09286036900369003, 0.07703247232472325, 0.05890007380073801, 0.04139512915129151, 0.02683129151291513, 0.015885166051660515, 0.008572546125461255, 0.004308044280442805, 0.0019816974169741697, 0.0008681918819188192, 0.0003456826568265683, 0.00013313653136531365, 4.4132841328413286e-05, 1.5350553505535057e-05, 3.690036900369004e-06, 1.4760147601476015e-06], "1": [0.0, 0.0, 0.0, 0.0, 0.0, 0.0, 4.914004914004914e-07, 9.828009828009828e-07, 9.828009828009828e-06, 5.208845208845209e-05, 0.00024373464373464372, 0.0009375921375921376, 0.0035095823095823097, 0.011037837837837837, 0.028755773955773955, 0.060314987714987715, 0.10191793611793612, 0.13714398034398034, 0.1571985257985258, 0.15462997542997542, 0.1349886977886978, 0.10162555282555283, 0.06280294840294841, 0.029656511056511056, 0.01087911547911548, 0.003291891891891892, 0.0008034398034398035, 0.00016265356265356265, 2.8992628992628994e-05, 6.388206388206388e-06, 4.914004914004914e-07, 0.0, 0.0, 0.0, 0.0, 0.0, 0.0, 0.0, 0.0, 0.0], "2": [0.0, 0.0, 0.0, 0.0, 0.0, 0.0, 0.0, 0.0, 1.4250089063056644e-07, 1.2112575703598147e-06, 3.277520484503028e-06, 1.5603847524047026e-05, 6.220163876024225e-05, 0.00023591022443890275, 0.0007921624510153189, 0.0024129675810473815, 0.006665051656572853, 0.01605179907374421, 0.034239045244032776, 0.06221517634485216, 0.09420798004987531, 0.12129141432133951, 0.13564973281083006, 0.13587210545065906, 0.12363199144994656, 0.10304759529747061, 0.07635689348058425, 0.047288564303526896, 0.024178339864624154, 0.010249020306376914, 0.003813395083719273, 0.00123519771998575, 0.00036102600641254006, 9.55468471677948e-05, 2.1375133594584967e-05, 3.7762736017100106e-06, 1.3537584609903811e-06, 1.4250089063056644e-07, 0.0, 0.0], "3": [0.0, 3.92156862745098e-06, 2.8431372549019608e-05, 0.00035, 0.002288235294117647, 0.01251764705882353, 0.04777549019607843, 0.11917450980392157, 0.18112745098039215, 0.2015235294117647, 0.1863421568627451, 0.14204607843137254, 0.07579313725490196, 0.024811764705882353, 0.005331372549019608, 0.000792156862745098, 8.431372549019608e-05, 8.823529411764705e-06, 9.80392156862745e-07, 0.0, 0.0, 0.0, 0.0, 0.0, 0.0, 0.0, 0.0, 0.0, 0.0, 0.0, 0.0, 0.0, 0.0, 0.0, 0.0, 0.0, 0.0, 0.0, 0.0, 0.0]},