{"analyspar": {"dend": "extr", "error": "std", "fluor": "dff", "rem_bad": true, "scale": true, "stats": "mean", "tracked": true}, "basepar": {"baseline": 0}, "extrapar": {"absolute": false, "by_mouse": false, "seed": 905, "stat": "var"}, "idx_stats_df": {"lines": {"0": "L23-Cux2", "1": "L23-Cux2", "2": "L23-Cux2", "3": "L23-Cux2", "4": "L23-Cux2", "5": "L23-Cux2", "6": "L5-Rbp4", "7": "L5-Rbp4", "8": "L5-Rbp4", "9": "L5-Rbp4", "10": "L5-Rbp4", "11": "L5-Rbp4"}, "mouse_ns": {"0": [6, 9], "1": [6, 9], "2": [6, 9], "3": [1, 3, 13], "4": [1, 3, 13], "5": [1, 3, 13], "6": [8, 11, 10], "7": [8, 11, 10], "8": [8, 11, 10], "9": [4, 7, 12], "10": [4, 7, 12], "11": [4, 7, 12]}, "mouseids": {"0": [413663, 433414], "1": [413663, 433414], "2": [413663, 433414], "3": [408021, 411424, 440889], "4": [408021, 411424, 440889], "5": [408021, 411424, 440889], "6": [420011, 433451, 433448], "7": [420011, 433451, 433448], "8": [420011, 433451, 433448], "9": [411771, 418779, 433458], "10": [411771, 418779, 433458], "11": [411771, 418779, 433458]}, "nrois": {"0": [136, 118], "1": [136, 118], "2": [136, 118], "3": [59, 55, 147], "4": [59, 55, 147], "5": [59, 55, 147], "6": [51, 353, 112], "7": [51, 353, 112], "8": [51, 353, 112], "9": [47, 12, 70], "10": [47, 12, 70], "11": [47, 12, 70]}, "p_vals_1v2": {"0": 1.0, "1": 1.0, "2": NaN, "3": 1.0, "4": 1.0, "5": NaN, "6": 0.0770399999999995, "7": 0.0770399999999995, "8": NaN, "9": 0.0, "10": 0.0, "11": NaN}, "p_vals_1v3": {"0": 1.0, "1": NaN, "2": 1.0, "3": 0.0, "4": NaN, "5": 0.0, "6": 0.0079200000000003, "7": NaN, "8": 0.0079200000000003, "9": 0.0019200000000000003, "10": NaN, "11": 0.0019200000000000003}, "p_vals_2v3": {"0": NaN, "1": 0.6467999999999984, "2": NaN, "3": NaN, "4": 0.0, "5": NaN, "6": NaN, "7": 1.0, "8": NaN, "9": NaN, "10": 0.9436800000000005, "11": NaN}, "planes": {"0": "dend", "1": "dend", "2": "dend", "3": "soma", "4": "soma", "5": "soma", "6": "dend", "7": "dend", "8": "dend", "9": "soma", "10": "soma", "11": "soma"}, "raw_p_vals_1v2": {"0": 0.06743, "1": 0.06743, "2": NaN, "3": 0.06928, "4": 0.06928, "5": NaN, "6": 0.0032099999999999794, "7": 0.0032099999999999794, "8": NaN, "9": 0.0, "10": 0.0, "11": NaN}, "raw_p_vals_1v3": {"0": 0.32114999999999994, "1": NaN, "2": 0.32114999999999994, "3": 0.0, "4": NaN, "5": 0.0, "6": 0.0003300000000000125, "7": NaN, "8": 0.0003300000000000125, "9": 8e-05, "10": NaN, "11": 8e-05}, "raw_p_vals_2v3": {"0": NaN, "1": 0.026949999999999932, "2": NaN, "3": NaN, "4": 0.0, "5": NaN, "6": NaN, "7": 0.43881, "8": NaN, "9": NaN, "10": 0.03932000000000002, "11": NaN}, "roi_idx_stats": {"0": [0.024197709639747, 0.0027318106574086226], "1": [0.019216375238525762, 0.0017789927103055944], "2": [0.026444432448436025, 0.002543385091332904], "3": [0.05497913291754022, 0.006416598019453196], "4": [0.04334904880453264, 0.0033530215866638146], "5": [0.020314345347536487, 0.0017870997551960076], "6": [0.02251690201607871, 0.002055235233997546], "7": [0.03708985154794366, 0.004253331256040472], "8": [0.03623414377001616, 0.003397928962637863], "9": [0.1136726365629271, 0.025333738780693768], "10": [0.018971047783728125, 0.0029238927823351146], "11": [0.029167740057334593, 0.0033384879558756727]}, "sess_ns": {"0": 1, "1": 2, "2": 3, "3": 1, "4": 2, "5": 3, "6": 1, "7": 2, "8": 3, "9": 1, "10": 2, "11": 3}, "sessids": {"0": [764704289, 826187862], "1": [765193831, 826773996], "2": [766502238, 827833392], "3": [758519303, 761624763, 832883243], "4": [759189643, 761944562, 833704570], "5": [759660390, 762250376, 834403597], "6": [777914830, 823453391, 826338612], "7": [778864809, 824434038, 826819032], "8": [779650018, 825180479, 828816509], "9": [760260459, 777496949, 826659257], "10": [760659782, 778374308, 827300090], "11": [761269197, 779152062, 828475005]}, "twop_fps": {"0": [30.07873941279558, 30.145366140617686], "1": [30.0785008642911, 30.07588534608751], "2": [30.077910707737953, 30.077548459271053], "3": [30.078983328254086, 30.07944131878434, 30.1464825439288], "4": [30.078268419466536, 30.081071882218684, 30.145455809449363], "5": [30.076117097066117, 30.080400521971875, 30.146188508189983], "6": [30.07804351704725, 30.07755196550725, 30.145726737715965], "7": [30.0787391265609, 30.078495855224936, 30.075890569375726], "8": [30.07968594989644, 30.077081594670776, 30.075181649653103], "9": [30.078740843969026, 30.075425993793207, 30.074462569813036], "10": [30.077073652096402, 30.076852276633467, 30.07565588465726], "11": [30.076119028981516, 30.078618622247273, 30.074220157768835]}}, "idxpar": {"feature": "by_exp", "op": "d-prime", "position": 0}, "permpar": {"multcomp": 12, "n_perms": 100000, "p_val": 0.05, "tails": 2}, "sesspar": {"closest": false, "incl": "all", "line": "all", "min_rois": 1, "mouse_n": "any", "pass_fail": "P", "plane": "all", "runtype": "prod", "sess_n": [1, 2, 3]}, "stimpar": {"gab_ori": [0, 45, 90, 135, 180, 225], "gabfr": 3, "gabk": 16, "post": 0.6, "pre": 0, "stimtype": "gabors", "visflow_dir": "none", "visflow_size": "none"}}