{"analyspar": {"dend": "extr", "error": "sem", "fluor": "dff", "rem_bad": true, "scale": true, "stats": "mean", "tracked": false}, "basepar": {"baseline": 0}, "diffs_df": {"diff_stats": {"0": [0.024382190438604633, 0.001014268933818692], "1": [0.024237905506557005, 0.0012514577405663607], "2": [0.040370757768738594, 0.0027531088706815917], "3": [0.05050561950316468, 0.006590911298990161], "4": [0.06684070042261919, 0.008538764285419867], "5": [0.07987336761094004, 0.008536416966475049], "6": [0.0004163214697655317, 0.0007412958491124904], "7": [-0.0061170889729779306, 0.0010222076716414322], "8": [0.005479636439441065, 0.0007862122550675497], "9": [0.016823578109756827, 0.007702347858302146], "10": [-0.00015126515815125984, 0.009043317638981316], "11": [0.01216937500312134, 0.008967698855306181]}, "lines": {"0": "L23-Cux2", "1": "L23-Cux2", "2": "L23-Cux2", "3": "L23-Cux2", "4": "L23-Cux2", "5": "L23-Cux2", "6": "L5-Rbp4", "7": "L5-Rbp4", "8": "L5-Rbp4", "9": "L5-Rbp4", "10": "L5-Rbp4", "11": "L5-Rbp4"}, "mouse_ns": {"0": [6, 9], "1": [6, 9], "2": [6, 9], "3": [1, 3, 13], "4": [1, 3, 13], "5": [1, 3, 13], "6": [8, 11, 10], "7": [8, 11, 10], "8": [8, 11, 10], "9": [4, 7, 12], "10": [4, 7, 12], "11": [4, 7, 12]}, "mouseids": {"0": [413663, 433414], "1": [413663, 433414], "2": [413663, 433414], "3": [408021, 411424, 440889], "4": [408021, 411424, 440889], "5": [408021, 411424, 440889], "6": [420011, 433451, 433448], "7": [420011, 433451, 433448], "8": [420011, 433451, 433448], "9": [411771, 418779, 433458], "10": [411771, 418779, 433458], "11": [411771, 418779, 433458]}, "nrois": {"0": [628, 727], "1": [348, 300], "2": [512, 333], "3": [96, 87, 224], "4": [74, 90, 224], "5": [107, 80, 210], "6": [205, 966, 1636], "7": [159, 1029, 445], "8": [182, 986, 496], "9": [90, 15, 99], "10": [70, 26, 87], "11": [79, 29, 97]}, "null_CIs": {"0": [-0.0118985146673031, 8.499852284852401e-06, 0.011607709273102286], "1": [-0.012252466771186684, -5.984900372476238e-06, 0.012270961741907657], "2": [-0.021394399184346186, 3.86495247569486e-06, 0.021831940655278003], "3": [-0.03866925784064366, 4.1833697842203136e-05, 0.039074344634066], "4": [-0.03881077907215294, -3.5303149074174626e-05, 0.03920139224372831], "5": [-0.04706019256764718, 9.340811800087647e-05, 0.0476056153167017], "6": [-0.008869905296916376, 6.4982945868143414e-06, 0.008900748415503305], "7": [-0.012758893685785295, 2.938569228180054e-05, 0.012944471996159381], "8": [-0.008681936109640142, 1.9440994952261456e-05, 0.00865489577258778], "9": [-0.03617332033067628, 3.9265617427041756e-05, 0.03639859955030192], "10": [-0.04067124704028012, -4.716916759098476e-05, 0.04059476962683159], "11": [-0.04945900601305775, -2.2045433969581147e-05, 0.04869602825447864]}, "p_vals": {"0": 0.0, "1": 0.0, "2": 0.0, "3": 0.002399999999997817, "4": 0.0, "5": 0.0, "6": 1.0, "7": 1.0, "8": 1.0, "9": 1.0, "10": 1.0, "11": 1.0}, "p_vals_1v2": {"0": 1.0, "1": 1.0, "2": NaN, "3": 1.0, "4": 1.0, "5": NaN, "6": 0.0, "7": 0.0, "8": NaN, "9": 1.0, "10": 1.0, "11": NaN}, "p_vals_1v3": {"0": 0.0, "1": NaN, "2": 0.0, "3": 0.1324799999999982, "4": NaN, "5": 0.1324799999999982, "6": 0.0, "7": NaN, "8": 0.0, "9": 1.0, "10": NaN, "11": 1.0}, "p_vals_2v3": {"0": NaN, "1": 0.0, "2": NaN, "3": NaN, "4": 1.0, "5": NaN, "6": NaN, "7": 0.0, "8": NaN, "9": NaN, "10": 1.0, "11": NaN}, "planes": {"0": "dend", "1": "dend", "2": "dend", "3": "soma", "4": "soma", "5": "soma", "6": "dend", "7": "dend", "8": "dend", "9": "soma", "10": "soma", "11": "soma"}, "raw_p_vals": {"0": 0.0, "1": 0.0, "2": 0.0, "3": 4.999999999995453e-05, "4": 0.0, "5": 0.0, "6": 0.44527, "7": 0.08682000000000001, "8": 0.02798000000000002, "9": 0.08325999999999993, "10": 0.49692000000000003, "11": 0.23385999999999996}, "raw_p_vals_1v2": {"0": 0.46704, "1": 0.46704, "2": NaN, "3": 0.06462000000000004, "4": 0.06462000000000004, "5": NaN, "6": 0.0, "7": 0.0, "8": NaN, "9": 0.0784, "10": 0.0784, "11": NaN}, "raw_p_vals_1v3": {"0": 0.0, "1": NaN, "2": 0.0, "3": 0.0027599999999999626, "4": NaN, "5": 0.0027599999999999626, "6": 0.0, "7": NaN, "8": 0.0, "9": 0.34788, "10": NaN, "11": 0.34788}, "raw_p_vals_2v3": {"0": NaN, "1": 0.0, "2": NaN, "3": NaN, "4": 0.14340999999999993, "5": NaN, "6": NaN, "7": 0.0, "8": NaN, "9": NaN, "10": 0.17007999999999995, "11": NaN}, "sess_ns": {"0": 1, "1": 2, "2": 3, "3": 1, "4": 2, "5": 3, "6": 1, "7": 2, "8": 3, "9": 1, "10": 2, "11": 3}, "sessids": {"0": [764704289, 826187862], "1": [765193831, 826773996], "2": [766502238, 827833392], "3": [758519303, 761624763, 832883243], "4": [759189643, 761944562, 833704570], "5": [759660390, 762250376, 834403597], "6": [777914830, 823453391, 826338612], "7": [778864809, 824434038, 826819032], "8": [779650018, 825180479, 828816509], "9": [760260459, 777496949, 826659257], "10": [760659782, 778374308, 827300090], "11": [761269197, 779152062, 828475005]}, "twop_fps": {"0": [30.07873941279558, 30.145366140617686], "1": [30.0785008642911, 30.07588534608751], "2": [30.077910707737953, 30.077548459271053], "3": [30.078983328254086, 30.07944131878434, 30.1464825439288], "4": [30.078268419466536, 30.081071882218684, 30.145455809449363], "5": [30.076117097066117, 30.080400521971875, 30.146188508189983], "6": [30.07804351704725, 30.07755196550725, 30.145726737715965], "7": [30.0787391265609, 30.078495855224936, 30.075890569375726], "8": [30.07968594989644, 30.077081594670776, 30.075181649653103], "9": [30.078740843969026, 30.075425993793207, 30.074462569813036], "10": [30.077073652096402, 30.076852276633467, 30.07565588465726], "11": [30.076119028981516, 30.078618622247273, 30.074220157768835]}}, "extrapar": {"seed": 905, "split": "unexp_lock"}, "permpar": {"multcomp": 24, "n_perms": 100000, "p_val": 0.05, "tails": 2}, "sesspar": {"closest": false, "incl": "all", "line": "all", "min_rois": 1, "mouse_n": "any", "pass_fail": "P", "plane": "all", "runtype": "prod", "sess_n": [1, 2, 3]}, "stimpar": {"gab_ori": "none", "gabfr": "none", "gabk": "none", "post": 2, "pre": 2, "stimtype": "visflow", "visflow_dir": ["right (temp)", "left (nasal)"], "visflow_size": 128}}