{"analyspar": {"dend": "extr", "error": "sem", "fluor": "dff", "rem_bad": true, "scale": false, "stats": "mean", "tracked": true}, "extrapar": {"rel_sess": 1, "seed": 905}, "permpar": {"multcomp": 24, "n_perms": 100000, "p_val": 0.05, "tails": 2}, "rel_resp_df": {"lines": {"0": "L23-Cux2", "1": "L23-Cux2", "2": "L23-Cux2", "3": "L23-Cux2", "4": "L23-Cux2", "5": "L23-Cux2", "6": "L5-Rbp4", "7": "L5-Rbp4", "8": "L5-Rbp4", "9": "L5-Rbp4", "10": "L5-Rbp4", "11": "L5-Rbp4"}, "mouse_ns": {"0": [6, 9], "1": [6, 9], "2": [6, 9], "3": [1, 3, 13], "4": [1, 3, 13], "5": [1, 3, 13], "6": [8, 11, 10], "7": [8, 11, 10], "8": [8, 11, 10], "9": [4, 7, 12], "10": [4, 7, 12], "11": [4, 7, 12]}, "mouseids": {"0": [413663, 433414], "1": [413663, 433414], "2": [413663, 433414], "3": [408021, 411424, 440889], "4": [408021, 411424, 440889], "5": [408021, 411424, 440889], "6": [420011, 433451, 433448], "7": [420011, 433451, 433448], "8": [420011, 433451, 433448], "9": [411771, 418779, 433458], "10": [411771, 418779, 433458], "11": [411771, 418779, 433458]}, "nrois": {"0": [136, 118], "1": [136, 118], "2": [136, 118], "3": [59, 55, 147], "4": [59, 55, 147], "5": [59, 55, 147], "6": [51, 353, 112], "7": [51, 353, 112], "8": [51, 353, 112], "9": [47, 12, 70], "10": [47, 12, 70], "11": [47, 12, 70]}, "planes": {"0": "dend", "1": "dend", "2": "dend", "3": "soma", "4": "soma", "5": "soma", "6": "dend", "7": "dend", "8": "dend", "9": "soma", "10": "soma", "11": "soma"}, "rel_reg": {"0": [1.0, 0.0795345561977305], "1": [1.0783867000665657, 0.07221467559572044], "2": [1.2346524785697126, 0.06786194526814851], "3": [1.0, 0.13135802995472787], "4": [1.0701952831455377, 0.11496380607256544], "5": [0.7589970330790805, 0.08822986014011833], "6": [1.0, 0.03985274824539449], "7": [0.9887065177002958, 0.03181911993942872], "8": [0.8521666365576819, 0.035155261420126316], "9": [1.0, 0.13309212830510134], "10": [0.7667727988307628, 0.10742697363137496], "11": [0.5859314083817246, 0.1152049481531106]}, "rel_reg_p_vals_1v2": {"0": 1.0, "1": 1.0, "2": NaN, "3": 1.0, "4": 1.0, "5": NaN, "6": 1.0, "7": 1.0, "8": NaN, "9": 1.0, "10": 1.0, "11": NaN}, "rel_reg_p_vals_1v3": {"0": 0.21504000000000362, "1": NaN, "2": 0.21504000000000362, "3": 0.30192, "4": NaN, "5": 0.30192, "6": 0.0504, "7": NaN, "8": 0.0504, "9": 0.0009600000000000001, "10": NaN, "11": 0.0009600000000000001}, "rel_reg_p_vals_2v3": {"0": NaN, "1": 1.0, "2": NaN, "3": NaN, "4": 0.0, "5": NaN, "6": NaN, "7": 0.006239999999999999, "8": NaN, "9": NaN, "10": 1.0, "11": NaN}, "rel_reg_raw_p_vals_1v2": {"0": 0.15329000000000007, "1": 0.15329000000000007, "2": NaN, "3": 0.265, "4": 0.265, "5": NaN, "6": 0.4051600000000001, "7": 0.4051600000000001, "8": NaN, "9": 0.02947, "10": 0.02947, "11": NaN}, "rel_reg_raw_p_vals_1v3": {"0": 0.004480000000000075, "1": NaN, "2": 0.004480000000000075, "3": 0.0062900000000000005, "4": NaN, "5": 0.0062900000000000005, "6": 0.00105, "7": NaN, "8": 0.00105, "9": 2e-05, "10": NaN, "11": 2e-05}, "rel_reg_raw_p_vals_2v3": {"0": NaN, "1": 0.02263999999999996, "2": NaN, "3": NaN, "4": 0.0, "5": NaN, "6": NaN, "7": 0.00013, "8": NaN, "9": NaN, "10": 0.03871, "11": NaN}, "rel_unexp": {"0": [0.8804100768921377, 0.047236367121229916], "1": [1.2076000254315704, 0.07582730508064588], "2": [1.1866587572899903, 0.06621644996459321], "3": [1.1801564160177607, 0.22725320174434596], "4": [1.1506365370201201, 0.18673936957107642], "5": [0.26698990187770133, 0.08287074141679887], "6": [0.7796174467630856, 0.030080399528545167], "7": [1.6258699627599207, 0.09749542475066768], "8": [1.4656823539655495, 0.04191301836479719], "9": [1.9520104248211232, 0.4097672640571164], "10": [1.0358478373856732, 0.10661846920165678], "11": [0.9970364175082221, 0.18879488151379423]}, "rel_unexp_p_vals_1v2": {"0": 0.002880000000000109, "1": 0.002880000000000109, "2": NaN, "3": 1.0, "4": 1.0, "5": NaN, "6": 0.0, "7": 0.0, "8": NaN, "9": 0.13632000000000002, "10": 0.13632000000000002, "11": NaN}, "rel_unexp_p_vals_1v3": {"0": 0.0, "1": NaN, "2": 0.0, "3": 0.0, "4": NaN, "5": 0.0, "6": 0.0, "7": NaN, "8": 0.0, "9": 0.0, "10": NaN, "11": 0.0}, "rel_unexp_p_vals_2v3": {"0": NaN, "1": 1.0, "2": NaN, "3": NaN, "4": 0.0, "5": NaN, "6": NaN, "7": 1.0, "8": NaN, "9": NaN, "10": 1.0, "11": NaN}, "rel_unexp_raw_p_vals_1v2": {"0": 6.000000000000227e-05, "1": 6.000000000000227e-05, "2": NaN, "3": 0.45308, "4": 0.45308, "5": NaN, "6": 0.0, "7": 0.0, "8": NaN, "9": 0.0028400000000000005, "10": 0.0028400000000000005, "11": NaN}, "rel_unexp_raw_p_vals_1v3": {"0": 0.0, "1": NaN, "2": 0.0, "3": 0.0, "4": NaN, "5": 0.0, "6": 0.0, "7": NaN, "8": 0.0, "9": 0.0, "10": NaN, "11": 0.0}, "rel_unexp_raw_p_vals_2v3": {"0": NaN, "1": 0.39919, "2": NaN, "3": NaN, "4": 0.0, "5": NaN, "6": NaN, "7": 0.02805, "8": NaN, "9": NaN, "10": 0.42391, "11": NaN}, "sess_ns": {"0": 1, "1": 2, "2": 3, "3": 1, "4": 2, "5": 3, "6": 1, "7": 2, "8": 3, "9": 1, "10": 2, "11": 3}, "sessids": {"0": [764704289, 826187862], "1": [765193831, 826773996], "2": [766502238, 827833392], "3": [758519303, 761624763, 832883243], "4": [759189643, 761944562, 833704570], "5": [759660390, 762250376, 834403597], "6": [777914830, 823453391, 826338612], "7": [778864809, 824434038, 826819032], "8": [779650018, 825180479, 828816509], "9": [760260459, 777496949, 826659257], "10": [760659782, 778374308, 827300090], "11": [761269197, 779152062, 828475005]}, "twop_fps": {"0": [30.07813959571523, 30.144500357598133], "1": [30.077900889986196, 30.07552112535785], "2": [30.077216948561407, 30.077182971972437], "3": [30.078378454283577, 30.078851569841987, 30.14568495521582], "4": [30.07765930675408, 30.080475663992054, 30.144666915471394], "5": [30.075519139965518, 30.079967716296547, 30.145392035535384], "6": [30.077333414794325, 30.077185948833936, 30.14486573850595], "7": [30.078045202545628, 30.078135089103647, 30.075521692645736], "8": [30.079339019712318, 30.076711414228807, 30.07463607881175], "9": [30.07838602073336, 30.074722190098097, 30.074089746976814], "10": [30.076467628030922, 30.07614866332268, 30.07527829612049], "11": [30.07552041060695, 30.077928262531405, 30.07367587689206]}}, "sesspar": {"closest": false, "incl": "all", "line": "all", "min_rois": 1, "mouse_n": "any", "pass_fail": "P", "plane": "all", "runtype": "prod", "sess_n": [1, 2, 3]}, "stimpar": {"gab_ori": [0, 45, 90, 135, 180, 225], "gabfr": [[0, 1, 2], [3, 4]], "gabk": 16, "post": 0.3, "pre": 0, "stimtype": "gabors", "visflow_dir": "none", "visflow_size": "none"}}
