{"analyspar": {"dend": "extr", "error": "std", "fluor": "dff", "remnans": true, "scale": true, "stats": "mean", "tracked": false}, "basepar": {"baseline": 0}, "extrapar": {"by_mouse": true, "seed": 905}, "idxpar": {"feature": "by_exp", "op": "d-prime", "position": 0}, "perc_sig_df": {"lines": {"0": "L23-Cux2", "1": "L23-Cux2", "2": "L23-Cux2", "3": "L23-Cux2", "4": "L23-Cux2", "5": "L5-Rbp4", "6": "L5-Rbp4", "7": "L5-Rbp4", "8": "L5-Rbp4", "9": "L5-Rbp4", "10": "L5-Rbp4"}, "mouse_ns": {"0": 6, "1": 9, "2": 1, "3": 3, "4": 13, "5": 8, "6": 10, "7": 11, "8": 4, "9": 7, "10": 12}, "mouseids": {"0": 413663, "1": 433414, "2": 408021, "3": 411424, "4": 440889, "5": 420011, "6": 433448, "7": 433451, "8": 411771, "9": 418779, "10": 433458}, "n_pos": {"0": 135, "1": 395, "2": 67, "3": 16, "4": 106, "5": 105, "6": 1114, "7": 205, "8": 55, "9": 3, "10": 59}, "n_signif_hi": {"0": 15, "1": 68, "2": 49, "3": 3, "4": 19, "5": 14, "6": 168, "7": 14, "8": 29, "9": 1, "10": 34}, "n_signif_lo": {"0": 149, "1": 46, "2": 6, "3": 39, "4": 12, "5": 12, "6": 9, "7": 228, "8": 6, "9": 2, "10": 6}, "nrois": {"0": 628, "1": 727, "2": 96, "3": 87, "4": 224, "5": 205, "6": 1636, "7": 966, "8": 90, "9": 15, "10": 99}, "perc_pos_idxs": {"0": 21.496815286624205, "1": 54.33287482806052, "2": 69.79166666666666, "3": 18.39080459770115, "4": 47.32142857142857, "5": 51.21951219512195, "6": 68.09290953545232, "7": 21.22153209109731, "8": 61.111111111111114, "9": 20.0, "10": 59.59595959595959}, "perc_pos_idxs_CIs": {"0": [16.560509554140125, 21.496815286624205, 26.59235668789809], "1": [48.693259972489685, 54.33287482806052, 59.97248968363136], "2": [55.208333333333336, 69.79166666666666, 83.33333333333334], "3": [6.896551724137931, 18.39080459770115, 32.18390804597701], "4": [37.05357142857143, 47.32142857142857, 57.58928571428571], "5": [40.487804878048784, 51.21951219512195, 61.951219512195124], "6": [64.54767726161369, 68.09290953545232, 71.57701711491443], "7": [17.28778467908903, 21.22153209109731, 25.36231884057971], "8": [45.55555555555556, 61.111111111111114, 76.66666666666667], "9": [0.0, 20.0, 53.333333333333336], "10": [44.44444444444444, 59.59595959595959, 74.74747474747475]}, "perc_pos_idxs_null_CIs": {"0": [43.94904458598726, 50.0, 56.05095541401274], "1": [44.29160935350757, 49.93122420907841, 55.70839064649243], "2": [34.375, 50.0, 65.625], "3": [33.33333333333333, 49.42528735632184, 66.66666666666666], "4": [39.732142857142854, 50.0, 60.26785714285714], "5": [39.51219512195122, 49.75609756097561, 60.48780487804878], "6": [46.21026894865526, 50.0, 53.789731051344745], "7": [45.13457556935818, 50.0, 54.865424430641816], "8": [34.44444444444444, 50.0, 65.55555555555556], "9": [13.333333333333334, 53.333333333333336, 86.66666666666667], "10": [34.34343434343434, 49.494949494949495, 65.65656565656566]}, "perc_pos_idxs_p_vals": {"0": 1.8739524967500149e-47, "1": 0.47113159530870563, "2": 0.0029088883654040387, "3": 4.305384677193617e-08, "4": 1.0, "5": 1.0, "6": 4.884981308350689e-15, "7": 2.1159101151882584e-74, "8": 0.5786366328846908, "9": 0.7734375000000003, "10": 1.0}, "perc_pos_idxs_raw_p_vals": {"0": 4.258982947159125e-49, "1": 0.010707536257016037, "2": 6.611109921372815e-05, "3": 9.784965175440039e-10, "4": 0.2312181908655086, "5": 0.3376385657100255, "6": 1.1102230246251565e-16, "7": 4.80888662542786e-76, "8": 0.013150832565561155, "9": 0.017578125000000007, "10": 0.034950286847473144}, "perc_pos_idxs_stds": {"0": 1.6483855014528779, "1": 1.858258760383778, "2": 4.6436975612038465, "3": 4.176444422820815, "4": 3.362985691299504, "5": 3.505191075520306, "6": 1.1555119468144304, "7": 1.3277101260714093, "8": 5.12625360639103, "9": 10.188338235453315, "10": 4.928343913240096}, "perc_sig_hi_idxs": {"0": 2.388535031847134, "1": 9.353507565337003, "2": 51.041666666666664, "3": 3.4482758620689653, "4": 8.482142857142858, "5": 6.829268292682928, "6": 10.268948655256724, "7": 1.4492753623188406, "8": 32.22222222222222, "9": 6.666666666666667, "10": 34.34343434343434}, "perc_sig_hi_idxs_CIs": {"0": [0.7961783439490446, 2.388535031847134, 4.45859872611465], "1": [6.189821182943604, 9.353507565337003, 12.792297111416781], "2": [35.41666666666667, 51.041666666666664, 66.66666666666666], "3": [0.0, 3.4482758620689653, 10.344827586206897], "4": [3.571428571428571, 8.482142857142858, 14.732142857142858], "5": [1.951219512195122, 6.829268292682928, 12.682926829268293], "6": [8.06845965770171, 10.268948655256724, 12.652811735941318], "7": [0.4140786749482402, 1.4492753623188406, 2.7950310559006213], "8": [17.77777777777778, 32.22222222222222, 47.77777777777778], "9": [0.0, 6.666666666666667, 33.33333333333333], "10": [20.2020202020202, 34.34343434343434, 49.494949494949495]}, "perc_sig_hi_idxs_null_CIs": {"0": [0.7961783439490446, 2.547770700636943, 4.617834394904459], "1": [0.9628610729023385, 2.4759284731774414, 4.401650618982118], "2": [0.0, 2.083333333333333, 8.333333333333332], "3": [0.0, 2.2988505747126435, 9.195402298850574], "4": [0.0, 2.232142857142857, 6.25], "5": [0.0, 2.4390243902439024, 6.341463414634147], "6": [1.4058679706601467, 2.506112469437653, 3.728606356968215], "7": [1.1387163561076603, 2.484472049689441, 4.140786749482402], "8": [0.0, 2.2222222222222223, 8.88888888888889], "9": [0.0, 0.0, 20.0], "10": [0.0, 2.0202020202020203, 8.080808080808081]}, "perc_sig_hi_idxs_p_vals": {"0": 1.0, "1": 4.884981308350689e-15, "2": 4.884981308350689e-15, "3": 1.0, "4": 5.255891712208083e-05, "5": 0.010193341818573565, "6": 4.884981308350689e-15, "7": 0.7667208650407357, "8": 4.884981308350689e-15, "9": 1.0, "10": 4.884981308350689e-15}, "perc_sig_hi_idxs_raw_p_vals": {"0": 0.49587047669659867, "1": 1.1102230246251565e-16, "2": 1.1102230246251565e-16, "3": 0.173694702925015, "4": 1.1945208436836552e-06, "5": 0.00023166685951303556, "6": 1.1102230246251565e-16, "7": 0.017425474205471265, "8": 1.1102230246251565e-16, "9": 0.052894435373028736, "10": 1.1102230246251565e-16}, "perc_sig_hi_idxs_stds": {"0": 0.6142271071400254, "1": 1.0911787095786933, "2": 5.092554792249758, "3": 1.918094214106663, "4": 1.8557236759624058, "5": 1.7512489154403645, "6": 0.7607155186154891, "7": 0.38224906116460106, "8": 4.89096119715734, "9": 6.321584576319101, "10": 4.7426646425229775}, "perc_sig_lo_idxs": {"0": 23.726114649681527, "1": 6.327372764786795, "2": 6.25, "3": 44.827586206896555, "4": 5.357142857142857, "5": 5.853658536585367, "6": 0.5501222493887531, "7": 23.60248447204969, "8": 6.666666666666667, "9": 13.333333333333334, "10": 6.0606060606060606}, "perc_sig_lo_idxs_CIs": {"0": [18.630573248407643, 23.726114649681527, 28.980891719745223], "1": [3.7138927097661623, 6.327372764786795, 9.21595598349381], "2": [0.0, 6.25, 14.583333333333334], "3": [28.735632183908045, 44.827586206896555, 60.91954022988506], "4": [1.3392857142857142, 5.357142857142857, 10.267857142857142], "5": [1.4634146341463417, 5.853658536585367, 11.219512195121952], "6": [0.061124694376528114, 0.5501222493887531, 1.1613691931540342], "7": [19.461697722567287, 23.60248447204969, 27.84679089026915], "8": [0.0, 6.666666666666667, 15.555555555555555], "9": [0.0, 13.333333333333334, 46.666666666666664], "10": [0.0, 6.0606060606060606, 14.14141414141414]}, "perc_sig_lo_idxs_null_CIs": {"0": [0.7961783439490446, 2.547770700636943, 4.617834394904459], "1": [0.9628610729023385, 2.4759284731774414, 4.401650618982118], "2": [0.0, 2.083333333333333, 8.333333333333332], "3": [0.0, 2.2988505747126435, 9.195402298850574], "4": [0.0, 2.232142857142857, 6.25], "5": [0.0, 2.4390243902439024, 6.341463414634147], "6": [1.4058679706601467, 2.506112469437653, 3.728606356968215], "7": [1.1387163561076603, 2.484472049689441, 4.140786749482402], "8": [0.0, 2.2222222222222223, 8.88888888888889], "9": [0.0, 0.0, 20.0], "10": [0.0, 2.0202020202020203, 8.080808080808081]}, "perc_sig_lo_idxs_p_vals": {"0": 4.884981308350689e-15, "1": 3.036342395290603e-07, "2": 0.4629183458876418, "3": 4.884981308350689e-15, "4": 0.2011153323760464,