{"analyspar": {"dend": "extr", "error": "sem", "fluor": "dff", "rem_bad": true, "scale": true, "stats": "mean", "tracked": false}, "basepar": {"baseline": 0}, "extrapar": {"n_bins": 40, "seed": 905}, "idx_df": {"CI_edges": {"0": [-0.2088325305489091, 0.19924349174735026], "1": [-0.20897130590679686, 0.18872101212099604], "2": [-0.20498175124860987, 0.1889358744527623], "3": [-0.21467363846434956, 0.19136298149186767]}, "CI_perc": {"0": [2.5, 97.5], "1": [2.5, 97.5], "2": [2.5, 97.5], "3": [2.5, 97.5]}, "bin_edges": {"0": [-0.6482445900305864, 0.5359614486902943], "1": [-0.836701371529558, 0.9038038428182912], "2": [-0.8736054084199456, 0.6163161278003286], "3": [-0.5906205475146604, 1.787521071360717]}, "lines": {"0": "L23-Cux2", "1": "L23-Cux2", "2": "L5-Rbp4", "3": "L5-Rbp4"}, "mouse_ns": {"0": [6, 9], "1": [1, 3, 13], "2": [8, 11, 10], "3": [4, 7, 12]}, "mouseids": {"0": [413663, 433414], "1": [408021, 411424, 440889], "2": [420011, 433451, 433448], "3": [411771, 418779, 433458]}, "n_pos": {"0": 530, "1": 189, "2": 1424, "3": 117}, "n_signif_hi": {"0": 81, "1": 72, "2": 195, "3": 64}, "n_signif_lo": {"0": 194, "1": 56, "2": 254, "3": 14}, "nrois": {"0": [628, 727], "1": [96, 87, 224], "2": [205, 966, 1636], "3": [90, 15, 99]}, "perc_idx_binned": {"0": [0.14317343173431735, 0.045756457564575644, 0.03690036900369004, 0.02952029520295203, 0.04428044280442804, 0.03394833948339483, 0.022878228782287822, 0.01992619926199262, 0.020664206642066422, 0.016974169741697416, 0.025830258302583026, 0.008856088560885609, 0.01992619926199262, 0.01992619926199262, 0.020664206642066422, 0.015498154981549815, 0.023616236162361623, 0.020664206642066422, 0.010332103321033211, 0.023616236162361623, 0.02214022140221402, 0.017712177121771217, 0.01845018450184502, 0.008856088560885609, 0.01107011070110701, 0.017712177121771217, 0.011808118081180811, 0.01918819188191882, 0.021402214022140223, 0.01992619926199262, 0.011808118081180811, 0.01107011070110701, 0.01992619926199262, 0.014022140221402213, 0.021402214022140223, 0.022878228782287822, 0.020664206642066422, 0.017712177121771217, 0.02952029520295203, 0.05977859778597786], "1": [0.1375921375921376, 0.04668304668304668, 0.02457002457002457, 0.0171990171990172, 0.03194103194103194, 0.0171990171990172, 0.022113022113022112, 0.022113022113022112, 0.02702702702702703, 0.014742014742014743, 0.014742014742014743, 0.019656019656019656, 0.007371007371007371, 0.0171990171990172, 0.009828009828009828, 0.02457002457002457, 0.012285012285012284, 0.012285012285012284, 0.0171990171990172, 0.0171990171990172, 0.009828009828009828, 0.0171990171990172, 0.02457002457002457, 0.007371007371007371, 0.014742014742014743, 0.0171990171990172, 0.014742014742014743, 0.0, 0.014742014742014743, 0.012285012285012284, 0.014742014742014743, 0.02457002457002457, 0.0171990171990172, 0.012285012285012284, 0.012285012285012284, 0.014742014742014743, 0.02457002457002457, 0.029484029484029485, 0.02702702702702703, 0.1769041769041769], "2": [0.0904880655504097, 0.027075169219807623, 0.021375133594584966, 0.018525115781973637, 0.025293908086925544, 0.02101888136800855, 0.020306376914855716, 0.015675097969362308, 0.01923762023512647, 0.017456359102244388, 0.016743854649091557, 0.0220876380477378, 0.020662629141432135, 0.012468827930174564, 0.018525115781973637, 0.017456359102244388, 0.016743854649091557, 0.017456359102244388, 0.016031350195938723, 0.019593872461702886, 0.024225151407196294, 0.02101888136800855, 0.0199501246882793, 0.027075169219807623, 0.017812611328820806, 0.028500178126113287, 0.021375133594584966, 0.01923762023512647, 0.01816886355539722, 0.023512646954043464, 0.02565016031350196, 0.029568934805842537, 0.02493765586034913, 0.028856430352689703, 0.026362664766654793, 0.02921268257926612, 0.025293908086925544, 0.030637691485571786, 0.034912718204488775, 0.06946918418240114], "3": [0.06862745098039216, 0.014705882352941176, 0.00980392156862745, 0.0196078431372549, 0.014705882352941176, 0.00980392156862745, 0.029411764705882353, 0.024509803921568627, 0.00980392156862745, 0.00980392156862745, 0.024509803921568627, 0.014705882352941176, 0.0196078431372549, 0.024509803921568627, 0.004901960784313725, 0.0196078431372549, 0.0196078431372549, 0.024509803921568627, 0.014705882352941176, 0.00980392156862745, 0.0196078431372549, 0.0, 0.004901960784313725, 0.03431372549019608, 0.0196078431372549, 0.0196078431372549, 0.014705882352941176, 0.00980392156862745, 0.014705882352941176, 0.03431372549019608, 0.00980392156862745, 0.004901960784313725, 0.0, 0.004901960784313725, 0.004901960784313725, 0.024509803921568627, 0.00980392156862745, 0.029411764705882353, 0.0392156862745098, 0.3137254901960784]}, "planes": {"0": "dend", "1": "soma", "2": "dend", "3": "soma"}, "rand_idx_binned": {"0": [0.0, 0.0, 0.0, 2.2140221402214022e-07, 1.1070110701107011e-06, 3.5424354243542435e-06, 9.81549815498155e-06, 3.5129151291512916e-05, 0.00010191881918819189, 0.0002686346863468635, 0.0006982287822878229, 0.0016921771217712177, 0.0036766051660516606, 0.007448191881918819, 0.013776678966789668, 0.02366509225092251, 0.03722479704797048, 0.054151217712177124, 0.07281726937269373, 0.09052612546125462, 0.10426952029520295, 0.11103793357933579, 0.10969815498154982, 0.1004570479704797, 0.08508479704797048, 0.06640863468634686, 0.04776612546125461, 0.03127734317343173, 0.018690258302583026, 0.010183690036900369, 0.005087084870848709, 0.00232929889298893, 0.00100619926199262, 0.0003885608856088561, 0.00014966789667896678, 4.6715867158671586e-05, 1.6014760147601476e-05, 4.059040590405904e-06, 1.992619926199262e-06, 1.4760147601476014e-07], "1": [0.0, 0.0, 0.0, 0.0, 0.0, 0.0, 2.457002457002457e-07, 1.2285012285012285e-06, 7.125307125307125e-06, 4.864864864864865e-05, 0.00023857493857493858, 0.0009398034398034398, 0.0034832923832923833, 0.010979361179361179, 0.028785749385749387, 0.060102457002457005, 0.10162948402948403, 0.1371056511056511, 0.15705282555282554, 0.15500835380835382, 0.13493931203931203, 0.10172702702702703, 0.06296609336609336, 0.029755773955773956, 0.010933169533169532, 0.003275184275184275, 0.000811056511056511, 0.00017002457002457004, 3.292383292383292e-05, 6.1425061425061425e-06, 4.914004914004914e-07, 0.0, 0.0, 0.0, 0.0, 0.0, 0.0, 0.0, 0.0, 0.0], "2": [0.0, 0.0, 0.0, 0.0, 0.0, 0.0, 0.0, 0.0, 1.0687566797292483e-07, 9.618810117563234e-07, 3.4556465977912363e-06, 1.4962593516209477e-05, 6.131100819380121e-05, 0.00022743142144638403, 0.0007858924118275739, 0.0024174563591022446, 0.006624082650516566, 0.015999038118988243, 0.03409754185963662, 0.06197349483434272, 0.09402703954399715, 0.1210885643035269, 0.1356418952618454, 0.13591628072675455, 0.12381628072675455, 0.10324745279657997, 0.07657524047025294, 0.04741784823655148, 0.024225650160313503, 0.010289846811542573, 0.0038194157463484145, 0.0012428927680798005, 0.00036277164232276454, 9.465621660135375e-05, 2.283576772354827e-05, 4.061275382971144e-06, 1.282508015675098e-06, 1.7812611328820805e-07, 3.562522265764161e-08, 3.562522265764161e-08], "3": [4.901960784313725e-07, 3.92156862745098e-06, 2.9411764705882354e-05, 0.0003534313725490196, 0.0023088235294117646, 0.012584313725490195, 0.0476171568627451, 0.1191764705882353, 0.1809563725490196, 0.20102549019607843, 0.1868014705882353, 0.14215980392156863, 0.07584656862745098, 0.024878921568627452, 0.00536421568627451, 0.000792156862745098, 9.264705882352942e-05, 6.862745098039215e-06, 1.4705882352941177e-06, 0.0, 0.0, 0.0, 0.0, 0.0, 0.0, 0.0, 0.0, 0.0, 0.0, 0.0, 0.0, 0.0, 0.0, 0.0, 0.0, 0.0, 0.0, 0.0, 0.0, 0.0]},