{"rois": {"sess_2_roi_id": {"0": 780003000, "1": 780002992, "2": 780003046, "3": 780003107, "4": 780003013, "5": 780002979, "6": 780003076, "7": 780003080, "8": 780003069, "9": 780003105, "10": 780003095, "11": 780003057}, "dff-ordered_roi_index": {"0": 7, "1": 5, "2": 26, "3": 55, "4": 10, "5": 0, "6": 40, "7": 42, "8": 37, "9": 54, "10": 49, "11": 31}}, "bad_rois": {"sess_2_bad_roi_id": {"0": 780002986, "1": 780002989, "2": 780002994, "3": 780003006, "4": 780003011, "5": 780003015, "6": 780003019, "7": 780003023, "8": 780003026, "9": 780003028, "10": 780003030, "11": 780003032, "12": 780003034, "13": 780003036, "14": 780003038, "15": 780003042, "16": 780003048, "17": 780003059, "18": 780003061, "19": 780003063, "20": 780003067, "21": 780003071, "22": 780003078, "23": 780003082, "24": 780003084, "25": 780003088, "26": 780003090, "27": 780003092, "28": 780003097, "29": 780003101}, "dff_local_bad_roi_idx": {"0": 3, "1": 4, "2": 6, "3": 8, "4": 9, "5": 11, "6": 13, "7": 15, "8": 16, "9": 17, "10": 18, "11": 19, "12": 20, "13": 21, "14": 22, "15": 24, "16": 27, "17": 32, "18": 33, "19": 34, "20": 36, "21": 38, "22": 41, "23": 43, "24": 44, "25": 46, "26": 47, "27": 48, "28": 50, "29": 52}}, "metadata": {"nway_info": {"0": "Union over permutations of listed sessions."}, "minimum_iou": {"0": 0.0}, "sess_ns": {"0": [1, 2, 3]}, "sess_ids": {"0": [777496949, 778374308, 779152062]}, "sess_1_to_sess_2_transformation_matrix": {"0": [[0.9989494681358337, -0.0005317052127793431, 3.9606943130493164], [-0.01163815800100565, 1.0020543336868286, -4.377377986907959], [0.0, 0.0, 1.0]]}, "sess_3_to_sess_2_transformation_matrix": {"0": [[0.9869682192802429, -0.0033637951128184795, 11.269137382507324], [0.001626361976377666, 0.9977052211761475, 0.24862563610076904], [0.0, 0.0, 1.0]]}}}