{"rois": {"sess_2_roi_id": {"0": 20000, "1": 20001, "2": 20002, "3": 20003, "4": 20004, "5": 20006, "6": 20008, "7": 20009, "8": 20014, "9": 20016, "10": 20017, "11": 20024, "12": 20028, "13": 20033, "14": 20035, "15": 20036, "16": 20039, "17": 20040, "18": 20041, "19": 20042, "20": 20043, "21": 20044, "22": 20046, "23": 20047, "24": 20062, "25": 20067, "26": 20070, "27": 20073, "28": 20075, "29": 20077, "30": 20105, "31": 20106, "32": 20108, "33": 20111, "34": 20117, "35": 20120, "36": 20124, "37": 20007, "38": 20011, "39": 20021, "40": 20030, "41": 20059, "42": 20068, "43": 20113, "44": 20155, "45": 20083, "46": 20162, "47": 20010, "48": 20109, "49": 20012, "50": 20144}, "dff-ordered_roi_index": {"0": 0, "1": 1, "2": 2, "3": 3, "4": 4, "5": 6, "6": 8, "7": 9, "8": 14, "9": 16, "10": 17, "11": 24, "12": 28, "13": 33, "14": 35, "15": 36, "16": 39, "17": 40, "18": 41, "19": 42, "20": 43, "21": 44, "22": 46, "23": 47, "24": 62, "25": 67, "26": 70, "27": 73, "28": 75, "29": 77, "30": 105, "31": 106, "32": 108, "33": 111, "34": 117, "35": 120, "36": 124, "37": 7, "38": 11, "39": 21, "40": 30, "41": 59, "42": 68, "43": 113, "44": 155, "45": 83, "46": 162, "47": 10, "48": 109, "49": 12, "50": 144}}, "bad_rois": {"sess_2_bad_roi_id": {"0": 31, "1": 78, "2": 92, "3": 94, "4": 97, "5": 127, "6": 134}, "dff_local_bad_roi_idx": {"0": 31, "1": 78, "2": 92, "3": 94, "4": 97, "5": 127, "6": 134}}, "metadata": {"nway_info": {"0": "Union over permutations of listed sessions."}, "minimum_iou": {"0": 0.1}, "sess_ns": {"0": [1, 2, 3]}, "sess_ids": {"0": [777914830, 778864809, 779650018]}, "sess_1_to_sess_2_transformation_matrix": {"0": [[0.9976605772972107, -0.0005946004530414939, 2.821016311645508], [0.0009408911573700607, 0.998939037322998, -2.3069708347320557], [0.0, 0.0, 1.0]]}, "sess_3_to_sess_2_transformation_matrix": {"0": [[1.0020158290863037, 0.001280965399928391, -1.9692182540893555], [0.0004933298914693296, 1.0005263090133667, -2.160984992980957], [0.0, 0.0, 1.0]]}}}