{"rois": {"sess_1_roi_id": {"0": 762182017, "1": 762182019, "2": 762182021, "3": 762182023, "4": 762182025, "5": 762182027, "6": 762182031, "7": 762182033, "8": 762182035, "9": 762182037, "10": 762182043, "11": 762182045, "12": 762182051, "13": 762182053, "14": 762182061, "15": 762182063, "16": 762182065, "17": 762182071, "18": 762182073, "19": 762182075, "20": 762182081, "21": 762182086, "22": 762182088, "23": 762182090, "24": 762182094, "25": 762182106, "26": 762182111, "27": 762182120, "28": 762182122, "29": 762182125, "30": 762182131, "31": 762182134, "32": 762182138, "33": 762182140, "34": 762182142, "35": 762182146, "36": 762182150, "37": 762182159, "38": 762182166, "39": 762182171, "40": 762182176, "41": 762182179, "42": 762182184, "43": 762182186, "44": 762182188, "45": 762182196, "46": 762182202, "47": 762182204, "48": 762182206, "49": 762182210, "50": 762182212, "51": 762182218, "52": 762182220, "53": 762182223, "54": 762182228}, "dff-ordered_roi_index": {"0": 0, "1": 1, "2": 2, "3": 3, "4": 4, "5": 5, "6": 7, "7": 8, "8": 9, "9": 10, "10": 13, "11": 14, "12": 17, "13": 18, "14": 22, "15": 23, "16": 24, "17": 27, "18": 28, "19": 29, "20": 32, "21": 34, "22": 35, "23": 36, "24": 38, "25": 44, "26": 46, "27": 50, "28": 51, "29": 52, "30": 54, "31": 55, "32": 57, "33": 58, "34": 59, "35": 61, "36": 63, "37": 67, "38": 70, "39": 72, "40": 73, "41": 74, "42": 76, "43": 77, "44": 78, "45": 80, "46": 83, "47": 84, "48": 85, "49": 87, "50": 88, "51": 91, "52": 92, "53": 93, "54": 95}}, "bad_rois": {"sess_1_bad_roi_id": {"0": 762182067, "1": 762182096, "2": 762182104, "3": 762182136, "4": 762182154, "5": 762182164, "6": 762182198, "7": 762182208, "8": 762182226}, "dff_local_bad_roi_idx": {"0": 25, "1": 39, "2": 43, "3": 56, "4": 65, "5": 69, "6": 81, "7": 86, "8": 94}}, "metadata": {"nway_info": {"0": "Union over permutations of listed sessions."}, "minimum_iou": {"0": 0.0}, "sess_ns": {"0": [1, 2, 3]}, "sess_ids": {"0": [761624763, 761944562, 762250376]}, "sess_2_to_sess_1_transformation_matrix": {"0": [[1.0024701356887817, -0.0033600807655602694, -2.6556894779205322], [0.0008773895096965134, 0.9991471171379089, -1.6699517965316772], [0.0, 0.0, 1.0]]}, "sess_3_to_sess_1_transformation_matrix": {"0": [[1.0000576972961426, -0.0021448819898068905, -0.3414456844329834], [0.0016010961262509227, 0.997471034526825, 0.24416114389896393], [0.0, 0.0, 1.0]]}}}