{"rois": {"sess_1_roi_id": {"0": 779308776, "1": 779308769, "2": 779308757, "3": 779308745, "4": 779308767, "5": 779308789, "6": 779308797, "7": 779308799, "8": 779308783, "9": 779308801, "10": 779308803, "11": 779308751}, "dff-ordered_roi_index": {"0": 15, "1": 12, "2": 6, "3": 0, "4": 11, "5": 21, "6": 25, "7": 26, "8": 18, "9": 27, "10": 28, "11": 3}}, "bad_rois": {"sess_1_bad_roi_id": {"0": 779308747, "1": 779308749, "2": 779308753, "3": 779308755, "4": 779308759, "5": 779308761, "6": 779308763, "7": 779308765, "8": 779308771, "9": 779308778, "10": 779308781, "11": 779308785, "12": 779308791, "13": 779308793, "14": 779308795, "15": 779308808}, "dff_local_bad_roi_idx": {"0": 1, "1": 2, "2": 4, "3": 5, "4": 7, "5": 8, "6": 9, "7": 10, "8": 13, "9": 16, "10": 17, "11": 19, "12": 22, "13": 23, "14": 24, "15": 30}}, "metadata": {"nway_info": {"0": "Union over permutations of listed sessions."}, "minimum_iou": {"0": 0.0}, "sess_ns": {"0": [1, 2, 3]}, "sess_ids": {"0": [777496949, 778374308, 779152062]}, "sess_2_to_sess_1_transformation_matrix": {"0": [[1.0019066333770752, 0.0009242018568329513, -4.33992862701416], [0.00420484459027648, 0.9922177791595459, 8.78260612487793], [0.0, 0.0, 1.0]]}, "sess_3_to_sess_1_transformation_matrix": {"0": [[0.9791432619094849, -0.0029544129502028227, 10.943032264709473], [0.011235330253839493, 0.9880914688110352, 6.672154426574707], [0.0, 0.0, 1.0]]}}}