{"analyspar": {"dend": "extr", "error": "std", "fluor": "dff", "rem_bad": true, "scale": true, "stats": "mean", "tracked": true}, "basepar": {"baseline": 0}, "extrapar": {"consec_only": true, "corr_type": "corr", "permute": "tracking", "seed": 905, "sig_only": false}, "idx_corr_df": {"1v2_corr_stds": {"0": 0.05589620945429647, "1": 0.06369247235924382, "2": 0.052268361897657004, "3": 0.10002473692623239}, "1v2_corrs": {"0": -0.26631711934715374, "1": -0.07774928425036244, "2": -0.21881286589295734, "3": 0.17063191769798494}, "1v2_null_CIs": {"0": [-0.15689513329480656, 0.00015631602485828897, 0.2602542774512203], "1": [-0.15545805442853203, -0.0005301804585974494, 0.2653462160351847], "2": [-0.1107479686414862, 0.00012305954578202354, 0.18981927369732238], "3": [-0.21596326387841763, -0.0005811686669995391, 0.3851019069597739]}, "1v2_p_vals": {"0": 8e-05, "1": 0.84296, "2": 0.0, "3": 1.0}, "1v2_raw_p_vals": {"0": 1e-05, "1": 0.10537, "2": 0.0, "3": 0.9719599999999999}, "2v3_corr_stds": {"0": 0.06763000564048177, "1": 0.060295199868591734, "2": 0.05278456896464856, "3": 0.0942892109871711}, "2v3_corrs": {"0": 0.1064235032193526, "1": 0.16822193395901552, "2": 0.16467633916034283, "3": -0.08244372318135224}, "2v3_null_CIs": {"0": [-0.15634504021467885, -2.0150426586404332e-05, 0.2582896933903089], "1": [-0.15414890057621403, 0.00022701172179226596, 0.24954180050167712], "2": [-0.1101807434710588, -8.425855721401742e-05, 0.18503034296146953], "3": [-0.21892312192210742, 0.00035872835508140297, 0.35167315721652087]}, "2v3_p_vals": {"0": 1.0, "1": 1.0, "2": 1.0, "3": 1.0}, "2v3_raw_p_vals": {"0": 0.95563, "1": 0.9966700000000001, "2": 0.99991, "3": 0.17461}, "lines": {"0": "L23-Cux2", "1": "L23-Cux2", "2": "L5-Rbp4", "3": "L5-Rbp4"}, "mouse_ns": {"0": [6, 9], "1": [1, 3, 13], "2": [8, 11, 10], "3": [4, 7, 12]}, "mouseids": {"0": [413663, 433414], "1": [408021, 411424, 440889], "2": [420011, 433451, 433448], "3": [411771, 418779, 433458]}, "nrois": {"0": [[136, 118], [136, 118], [136, 118]], "1": [[59, 55, 147], [59, 55, 147], [59, 55, 147]], "2": [[51, 353, 112], [51, 353, 112], [51, 353, 112]], "3": [[47, 12, 70], [47, 12, 70], [47, 12, 70]]}, "planes": {"0": "dend", "1": "soma", "2": "dend", "3": "soma"}, "sess_ns": {"0": [1, 2, 3], "1": [1, 2, 3], "2": [1, 2, 3], "3": [1, 2, 3]}, "sessids": {"0": [[764704289, 826187862], [765193831, 826773996], [766502238, 827833392]], "1": [[758519303, 761624763, 832883243], [759189643, 761944562, 833704570], [759660390, 762250376, 834403597]], "2": [[777914830, 823453391, 826338612], [778864809, 824434038, 826819032], [779650018, 825180479, 828816509]], "3": [[760260459, 777496949, 826659257], [760659782, 778374308, 827300090], [761269197, 779152062, 828475005]]}, "twop_fps": {"0": [[30.07873941279558, 30.145366140617686], [30.0785008642911, 30.07588534608751], [30.077910707737953, 30.077548459271053]], "1": [[30.078983328254086, 30.07944131878434, 30.1464825439288], [30.078268419466536, 30.081071882218684, 30.145455809449363], [30.076117097066117, 30.080400521971875, 30.146188508189983]], "2": [[30.07804351704725, 30.07755196550725, 30.145726737715965], [30.0787391265609, 30.078495855224936, 30.075890569375726], [30.07968594989644, 30.077081594670776, 30.075181649653103]], "3": [[30.078740843969026, 30.075425993793207, 30.074462569813036], [30.077073652096402, 30.076852276633467, 30.07565588465726], [30.076119028981516, 30.078618622247273, 30.074220157768835]]}}, "idxpar": {"feature": "by_exp", "op": "d-prime", "position": 0}, "permpar": {"multcomp": 8, "n_perms": 100000, "p_val": 0.05, "tails": "lo"}, "sesspar": {"closest": false, "incl": "all", "line": "all", "min_rois": 1, "mouse_n": "any", "pass_fail": "P", "plane": "all", "runtype": "prod", "sess_n": [1, 2, 3]}, "stimpar": {"gab_ori": [0, 45, 90, 135, 180, 225], "gabfr": 3, "gabk": 16, "post": 0.6, "pre": 0, "stimtype": "gabors", "visflow_dir": "none", "visflow_size": "none"}}