{"analyspar": {"dend": "extr", "error": "std", "fluor": "dff", "rem_bad": true, "scale": true, "stats": "mean", "tracked": true}, "basepar": {"baseline": 0}, "extrapar": {"consec_only": true, "corr_type": "corr", "permute": "tracking", "seed": 905, "sig_only": false}, "idx_corr_df": {"1v2_corr_stds": {"0": 0.055896209454296464, "1": 0.06369247235924382, "2": 0.05226836189765702, "3": 0.10002473692623239}, "1v2_corrs": {"0": -0.26631711934715374, "1": -0.07774928425036247, "2": -0.2188128658929574, "3": 0.17063191769798497}, "1v2_null_CIs": {"0": [-0.15689513329480662, 0.00015631602485828976, 0.26025427745122026], "1": [-0.15545805442853203, -0.0005301804585974618, 0.2653462160351847], "2": [-0.11074796864148614, 0.00012305954578198646, 0.1898192736973223], "3": [-0.21596326387841766, -0.0005811686669995523, 0.3851019069597738]}, "1v2_p_vals": {"0": 8e-05, "1": 0.84296, "2": 0.0, "3": 1.0}, "1v2_raw_p_vals": {"0": 1e-05, "1": 0.10537, "2": 0.0, "3": 0.9719599999999999}, "2v3_corr_stds": {"0": 0.06763000564048177, "1": 0.060295199868591734, "2": 0.05278456896464855, "3": 0.0942892109871711}, "2v3_corrs": {"0": 0.10642350321935268, "1": 0.16822193395901552, "2": 0.1646763391603428, "3": -0.08244372318135224}, "2v3_null_CIs": {"0": [-0.1563450402146791, -2.015042658640085e-05, 0.258289693390309], "1": [-0.15414890057621414, 0.00022701172179227428, 0.2495418005016771], "2": [-0.11018074347105881, -8.425855721404065e-05, 0.18503034296146956], "3": [-0.21892312192210753, 0.00035872835508134925, 0.3516731572165209]}, "2v3_p_vals": {"0": 1.0, "1": 1.0, "2": 1.0, "3": 1.0}, "2v3_raw_p_vals": {"0": 0.95563, "1": 0.9966700000000001, "2": 0.99991, "3": 0.17461}, "lines": {"0": "L23-Cux2", "1": "L23-Cux2", "2": "L5-Rbp4", "3": "L5-Rbp4"}, "mouse_ns": {"0": [6, 9], "1": [1, 3, 13], "2": [8, 11, 10], "3": [4, 7, 12]}, "mouseids": {"0": [413663, 433414], "1": [408021, 411424, 440889], "2": [420011, 433451, 433448], "3": [411771, 418779, 433458]}, "nrois": {"0": [[136, 118], [136, 118], [136, 118]], "1": [[59, 55, 147], [59, 55, 147], [59, 55, 147]], "2": [[51, 353, 112], [51, 353, 112], [51, 353, 112]], "3": [[47, 12, 70], [47, 12, 70], [47, 12, 70]]}, "planes": {"0": "dend", "1": "soma", "2": "dend", "3": "soma"}, "sess_ns": {"0": [1, 2, 3], "1": [1, 2, 3], "2": [1, 2, 3], "3": [1, 2, 3]}, "sessids": {"0": [[764704289, 826187862], [765193831, 826773996], [766502238, 827833392]], "1": [[758519303, 761624763, 832883243], [759189643, 761944562, 833704570], [759660390, 762250376, 834403597]], "2": [[777914830, 823453391, 826338612], [778864809, 824434038, 826819032], [779650018, 825180479, 828816509]], "3": [[760260459, 777496949, 826659257], [760659782, 778374308, 827300090], [761269197, 779152062, 828475005]]}, "twop_fps": {"0": [[30.07813959571523, 30.144500357598133], [30.077900889986196, 30.07552112535785], [30.077216948561407, 30.077182971972437]], "1": [[30.078378454283577, 30.078851569841987, 30.14568495521582], [30.07765930675408, 30.080475663992054, 30.144666915471394], [30.075519139965518, 30.079967716296547, 30.145392035535384]], "2": [[30.077333414794325, 30.077185948833936, 30.14486573850595], [30.078045202545628, 30.078135089103647, 30.075521692645736], [30.079339019712318, 30.076711414228807, 30.07463607881175]], "3": [[30.07838602073336, 30.074722190098097, 30.074089746976814], [30.076467628030922, 30.07614866332268, 30.07527829612049], [30.07552041060695, 30.077928262531405, 30.07367587689206]]}}, "idxpar": {"feature": "by_exp", "op": "d-prime", "position": 0}, "permpar": {"multcomp": 8, "n_perms": 100000, "p_val": 0.05, "tails": "lo"}, "sesspar": {"closest": false, "incl": "all", "line": "all", "min_rois": 1, "mouse_n": "any", "pass_fail": "P", "plane": "all", "runtype": "prod", "sess_n": [1, 2, 3]}, "stimpar": {"gab_ori": [0, 45, 90, 135, 180, 225], "gabfr": 3, "gabk": 16, "post": 0.6, "pre": 0, "stimtype": "gabors", "visflow_dir": "none", "visflow_size": "none"}}